frame,id,3d_x,3d_y,3d_z
1,1,3.372982651,3.933975369,3.672145864
2,1,3.284309471,3.855044908,3.579798734
3,1,3.195744879,3.776635444,3.487129953
4,1,3.107365787,3.698529342,3.394408695
5,1,3.019152399,3.62081071,3.301370799
6,1,2.931081133,3.543439958,3.208158885
7,1,2.868668288,3.498094591,3.129290806
8,1,2.806273366,3.452816542,3.050378983
9,1,2.744113755,3.407731124,2.971403202
10,1,2.681999486,3.362832942,2.892353351
11,1,2.6199362,3.318259047,2.813246679
12,1,2.569482926,3.260810229,2.748250745
13,1,2.519111746,3.203537566,2.683148753
14,1,2.468886874,3.146582461,2.617970699
15,1,2.418679978,3.089661459,2.552660258
16,1,2.368571937,3.033043796,2.487239462
17,1,2.326642603,2.99528388,2.449593451
18,1,2.284681085,2.957567651,2.412106696
19,1,2.242762511,2.919902125,2.37453975
20,1,2.200964386,2.882187129,2.336974614
21,1,2.159012409,2.844662524,2.299361082
22,1,2.102879009,2.820097582,2.200188905
23,1,2.046955462,2.795794762,2.100763611
24,1,1.991156419,2.771562115,2.001592955
25,1,1.935681686,2.7475384,1.902285467
26,1,1.880085463,2.723633664,1.803123616
27,1,1.888875385,2.596553403,1.749407033
28,1,1.897611311,2.469702124,1.69553858
29,1,1.930035146,2.503857767,1.634509649
30,1,1.962290608,2.538074978,1.573568848
31,1,1.962159556,2.564113203,1.506476189
32,1,1.912898414,2.615080942,1.443365123
33,1,1.863805494,2.665862086,1.380526826
34,1,1.81476524,2.716509385,1.317849576
35,1,1.765819113,2.767057829,1.255168893
36,1,1.716997422,2.817386984,1.192922483
37,1,1.702929611,2.96083832,1.135323271
38,1,1.689004202,3.103824816,1.078200664
39,1,1.675091068,3.246428109,1.021268458
40,1,1.661315137,3.388438656,0.964786521
41,1,1.647752019,3.530198349,0.908500011
42,1,1.651099292,3.743550735,0.868803635
43,1,1.654464423,3.956169483,0.829336189
44,1,1.657888296,4.168158031,0.790038324
45,1,1.661345638,4.379538938,0.750962952
46,1,1.664876826,4.590414185,0.712050277
47,1,1.659276863,4.75347194,0.701754626
48,1,1.65367522,4.916447788,0.691521633
49,1,1.648312065,5.079079169,0.681301785
50,1,1.642947278,5.241628994,0.671144018
51,1,1.637819025,5.403834449,0.660998866
52,1,1.616374566,5.532951906,0.64640744
53,1,1.595142853,5.661730976,0.631968941
54,1,1.573952008,5.790491743,0.617446384
55,1,1.552938702,5.91908632,0.602985164
56,1,1.532028676,6.047388769,0.588575321
57,1,1.524784972,6.162138398,0.587706913
58,1,1.517534261,6.27681357,0.586826938
59,1,1.510492915,6.391440542,0.585793492
60,1,1.503387863,6.505985486,0.584735357
61,1,1.496364443,6.620292025,0.583767636
62,1,1.495028641,6.713984806,0.579913137
63,1,1.493739196,6.807468356,0.576203838
64,1,1.492426733,6.900879776,0.572482011
65,1,1.491191354,6.994374826,0.568632143
66,1,1.489971993,7.087684721,0.564787782
67,1,1.485599053,7.157014609,0.570576515
68,1,1.481275773,7.226457198,0.576339187
69,1,1.476919685,7.295899956,0.582093955
70,1,1.47259612,7.365336325,0.587826529
71,1,1.468352614,7.434640768,0.593526663
72,1,1.464094898,7.515895804,0.596830686
73,1,1.459861911,7.597010844,0.600120137
74,1,1.455761551,7.678125632,0.603253242
75,1,1.451629963,7.759316149,0.606501683
76,1,1.447558426,7.840526711,0.609636398
77,1,1.457376874,7.87780025,0.618093368
78,1,1.46717694,7.915152327,0.626775207
79,1,1.512829566,8.208418301,0.625822698
80,1,1.549992917,8.330453729,0.635000901
81,1,1.570414811,8.512705394,0.635536047
82,1,1.629681517,8.682814639,0.694734796
83,1,1.688977398,8.85337544,0.753434534
84,1,1.748417221,9.024131712,0.811777911
85,1,1.80773301,9.195324188,0.869768012
86,1,1.867253101,9.366699897,0.927385391
87,1,1.955605288,9.494352958,0.971046592
88,1,2.043967828,9.62207804,1.014432308
89,1,2.132276302,9.749962067,1.05764258
90,1,2.220449768,9.877975379,1.100781643
91,1,2.308647793,10.00617588,1.143637288
92,1,2.362507566,10.11116529,1.18187233
93,1,2.416369777,10.2162809,1.219965079
94,1,2.470234168,10.32152233,1.257914952
95,1,2.524100495,10.42688921,1.295721366
96,1,2.577968528,10.53238117,1.333383741
97,1,2.625995951,10.62822632,1.358427602
98,1,2.674088625,10.72439298,1.383410143
99,1,2.72211132,10.82049752,1.408152353
100,1,2.77020441,10.91665995,1.432949049
101,1,2.818100976,11.01287525,1.457641852
102,1,2.860810144,11.07471348,1.472710554
103,1,2.903433872,11.13642926,1.487708583
104,1,2.946092189,11.19828908,1.502817889
105,1,2.988642629,11.26017019,1.517746131
106,1,3.031292686,11.32208663,1.532662202
107,1,3.178449549,11.39234122,1.600592309
108,1,3.32594406,11.46273653,1.668014076
109,1,3.388730134,11.58562756,1.71163633
110,1,3.451537535,11.70881015,1.754896271
111,1,3.527938707,11.91931142,1.793505346
112,1,3.638417063,11.88973939,1.860817564
113,1,3.749047748,11.86011133,1.928299945
114,1,3.860046448,11.8304118,1.996070734
115,1,3.971219197,11.80067198,2.063896318
116,1,4.082782081,11.77087645,2.131894736
117,1,4.222417594,11.71398165,2.196548669
118,1,4.362592129,11.65692797,2.261413181
119,1,4.503190667,11.59971571,2.326488478
120,1,4.64409742,11.54234519,2.39177474
121,1,4.785550833,11.48481657,2.457275174
122,1,4.896006121,11.39496078,2.506935603
123,1,5.006897683,11.30484097,2.556736336
124,1,5.118181062,11.21458516,2.606681392
125,1,5.229769694,11.12395637,2.656798927
126,1,5.34180084,11.03306358,2.707061829
127,1,5.531086905,10.94191552,2.803661144
128,1,5.721244262,10.85041509,2.900613378
129,1,5.91238619,10.7584392,2.997930822
130,1,6.104295238,10.6660057,3.095493221
131,1,6.297052739,10.57295353,3.193556495
132,1,6.385411114,10.41532892,3.304375771
133,1,6.474347308,10.25686896,3.415988962
134,1,6.563855013,10.09744185,3.528413015
135,1,6.653963695,9.937290695,3.64163489
136,1,6.744655369,9.776158005,3.755681922
137,1,6.813096563,9.601577526,3.84745608
138,1,6.882006307,9.426125194,3.939930691
139,1,6.951471738,9.250052691,4.033097731
140,1,7.021353685,9.073092916,4.126965105
141,1,7.091788167,8.895374654,4.221545017
142,1,7.221312794,8.780183408,4.368056605
143,1,7.351854674,8.664138517,4.514739247
144,1,7.412569483,8.501789435,4.656766408
145,1,7.473711284,8.338174767,4.799722997
146,1,7.500008373,8.171947068,4.938951673
147,1,7.513834671,7.99890398,5.066029921
148,1,7.527839634,7.824740029,5.193906074
149,1,7.541947863,7.649666799,5.32284838
150,1,7.556172061,7.473557413,5.45271412
151,1,7.570509863,7.296408936,5.583527293
152,1,7.565575914,7.144849194,5.680932358
153,1,7.560546395,6.992903242,5.778745201
154,1,7.556524875,6.91250885,5.868091103
155,1,7.552534588,6.832137668,5.957588576
156,1,7.574422188,6.710612897,6.056553525
157,1,7.568043713,6.550051998,6.142305075
158,1,7.561639166,6.388690616,6.228538314
159,1,7.550355822,6.28962846,6.306111684
160,1,7.539027299,6.190096925,6.384014486
161,1,7.526117406,6.069157341,6.464898635
162,1,7.521615423,5.942508832,6.527339592
163,1,7.517237529,5.815629128,6.590042049
164,1,7.505409007,5.719795259,6.647610676
165,1,7.493559623,5.623847856,6.705367113
166,1,7.481667237,5.527510353,6.763347998
167,1,7.467622269,5.434051963,6.80971904
168,1,7.453667569,5.340246187,6.856243011
169,1,7.416963646,5.191853804,6.907745862
170,1,7.38015566,5.043232043,6.959491243
171,1,7.343305344,4.89408431,7.011463226
172,1,7.285651906,4.769917919,7.048019649
173,1,7.227855736,4.645390502,7.08468894
174,1,7.217244166,4.48605749,7.023923223
175,1,7.20663156,4.327279115,6.962635488
176,1,7.179560058,4.163599408,6.924153491
177,1,7.085320196,4.010058558,6.874899206
178,1,6.957835497,3.874896287,6.765609711
179,1,6.830502484,3.740261785,6.655801299
180,1,6.703194558,3.60639515,6.545592009
181,1,6.576004515,3.47309075,6.43470751
182,1,6.483084335,3.359096238,6.325930121
183,1,6.414097553,3.239861852,6.231251126
184,1,6.345411215,3.121342609,6.136000671
185,1,6.276639495,3.003173247,6.040481218
186,1,6.207869757,2.885541868,5.944560276
187,1,6.125406106,2.757167623,5.847618572
188,1,6.032174579,2.641661902,5.712074044
189,1,5.939084818,2.526805554,5.576223316
190,1,5.846150002,2.412952541,5.439724919
191,1,5.753467565,2.29992933,5.302767786
192,1,5.649315294,2.187150324,5.163687896
193,1,5.595629712,2.083856489,4.984304051
194,1,5.542491696,1.981668077,4.804222765
195,1,5.489879907,1.880594091,4.62349812
196,1,5.437816217,1.780621814,4.442108502
197,1,5.409924562,1.680645047,4.26397875
198,1,5.360615564,1.561407108,4.151361919
199,1,5.311343197,1.442823309,4.03830409
200,1,5.262282627,1.324849763,3.92496817
201,1,5.213490801,1.207579265,3.81104372
202,1,5.168076035,1.154483769,3.691631343
203,1,5.105424135,1.119274125,3.524459429
204,1,5.043016074,1.084566459,3.3574694
205,1,4.980887511,1.050402363,3.190500097
206,1,4.919065428,1.016904216,3.023530078
207,1,4.81640505,1.031390061,2.846012697
208,1,4.745326832,1.014512469,2.752066175
209,1,4.739736883,0.941087012,2.673960346
210,1,4.734312268,0.868013337,2.595537049
211,1,4.730168906,0.785107862,2.517843499
212,1,4.697130928,0.72370561,2.433207128
213,1,4.597808402,0.674384699,2.328939197
214,1,4.49858774,0.62563784,2.224640022
215,1,4.399535219,0.577199701,2.120291746
216,1,4.30064823,0.529334927,2.015930537
217,1,4.188761586,0.589013016,1.902579955
218,1,4.082611495,0.626029517,1.849249686
219,1,3.976787721,0.66312206,1.795804331
220,1,3.871163599,0.69998632,1.742412289
221,1,3.765710878,0.736704363,1.689236531
222,1,3.664431319,0.767790679,1.637040033
223,1,3.56136402,0.789758217,1.610007383
224,1,3.458420915,0.811738744,1.58283809
225,1,3.355567376,0.833493237,1.555777724
226,1,3.252868322,0.855381405,1.528552076
227,1,3.18092959,0.878867522,1.507595182
228,1,3.125908239,0.905373764,1.474391675
229,1,3.070827046,0.931845847,1.441238883
230,1,3.015962485,0.95821001,1.407995151
231,1,2.961011063,0.98449019,1.374945372
232,1,2.904098358,0.993355597,1.342555543
233,1,2.846017607,0.990626985,1.342056791
234,1,2.787952611,0.987889526,1.341528852
235,1,2.729739955,0.985154902,1.341023441
236,1,2.671675077,0.982412496,1.340487083
237,1,2.616026932,1.014560548,1.338298716
238,1,2.547300579,1.059015962,1.306715567
239,1,2.478759791,1.103308142,1.275200019
240,1,2.410345748,1.147565453,1.243760793
241,1,2.342058218,1.191787656,1.212397818
242,1,2.260672433,1.2786689,1.175721672
243,1,2.181177544,1.361961357,1.147948907
244,1,2.107679096,1.389189879,1.125111153
245,1,2.074244471,1.486330951,1.106381392
246,1,1.984839376,1.506527668,1.080589582
247,1,1.895409184,1.526608406,1.054662217
248,1,1.818567415,1.606943567,1.010397888
249,1,1.741863101,1.686997286,0.966107422
250,1,1.710690735,1.841832927,0.927308527
251,1,1.679620247,1.996203975,0.888560744
252,1,1.680317248,2.169972531,0.856082078
253,1,1.674792726,2.337301084,0.842917139
254,1,1.669452413,2.504559409,0.829816714
255,1,1.664205342,2.671495237,0.816776188
256,1,1.659269653,2.838360507,0.803799075
257,1,1.65430134,3.023816653,0.7897189
258,1,1.667089085,3.208440504,0.770400951
259,1,1.679829987,3.392602429,0.751206366
260,1,1.692681011,3.576416682,0.732102742
261,1,1.705560138,3.759970507,0.713233929
262,1,1.696431202,3.989320853,0.686422035
263,1,1.682236243,4.213660973,0.67567018
264,1,1.665936473,4.372574,0.66813146
265,1,1.649591548,4.531330459,0.66077064
266,1,1.634053613,4.662195898,0.655042105
267,1,1.637661635,4.818775056,0.65244131
268,1,1.636550239,4.977235856,0.645506926
269,1,1.635403103,5.135470719,0.638698096
270,1,1.634484783,5.293454849,0.631810713
271,1,1.633546977,5.451334423,0.625043874
272,1,1.623300285,5.620939092,0.615065235
273,1,1.609074018,5.79082836,0.60535007
274,1,1.592852934,5.914449287,0.598046987
275,1,1.57671662,6.03792127,0.590889767
276,1,1.550581647,6.151195084,0.581802889
277,1,1.53830759,6.269427693,0.575879653
278,1,1.540313096,6.384433156,0.573352919
279,1,1.542453894,6.499581185,0.570792165
280,1,1.544538301,6.614393008,0.568213178
281,1,1.546730806,6.729240275,0.565631704
282,1,1.549569016,6.818534052,0.564928922
283,1,1.546570201,6.907135661,0.570431278
284,1,1.543473841,6.995691373,0.576033148
285,1,1.540502923,7.084136226,0.581472775
286,1,1.537508465,7.172661348,0.587021237
287,1,1.52451738,7.256431332,0.590194769
288,1,1.517045556,7.340365744,0.588793109
289,1,1.509680111,7.424378624,0.587380854
290,1,1.502373135,7.508372344,0.585824201
291,1,1.495007775,7.592296377,0.584385591
292,1,1.504006414,7.676364681,0.587051087
293,1,1.513038117,7.760818331,0.588199735
294,1,1.522040886,7.845236663,0.589327607
295,1,1.531145063,7.929752477,0.590458409
296,1,1.540202753,8.014114289,0.591572504
297,1,1.541544823,8.151211353,0.58695244
298,1,1.583885251,8.295032219,0.591365238
299,1,1.649834583,8.39701506,0.604818222
300,1,1.703497228,8.506862843,0.62792035
301,1,1.757144582,8.61666398,0.650984308
302,1,1.902350441,8.618730023,0.638223422
303,1,2.047554272,8.620699449,0.625306583
304,1,2.192725673,8.622787095,0.612524644
305,1,2.337845841,8.624904065,0.599598378
306,1,2.483041818,8.627008338,0.586785407
307,1,2.666538116,8.630055739,0.586500456
308,1,2.850072472,8.633255684,0.586088054
309,1,3.022108978,8.636566449,0.591743241
310,1,3.163374242,8.62263929,0.591101818
311,1,3.28006143,8.611195404,0.595257379
312,1,3.401315983,8.56163784,0.602575048
313,1,3.541638222,8.505472918,0.626521119
314,1,3.682179384,8.449098784,0.650333987
315,1,3.844984093,8.374773686,0.738702818
316,1,3.992256651,8.317100266,0.763708775
317,1,4.167201425,8.249474468,0.795080862
318,1,4.445819895,8.172337367,0.808784708
319,1,4.72539682,8.095990226,0.822778198
320,1,4.900449569,8.032080898,0.835927502
321,1,5.075824491,7.968133559,0.848811832
322,1,5.175408706,7.79806014,0.87885528
323,1,5.275415693,7.627579527,0.908968182
324,1,5.41286374,7.459384298,0.911522331
325,1,5.550949523,7.29126203,0.914055528
326,1,5.646441537,7.128176207,0.913370967
327,1,5.752613448,7.021454395,0.925407971
328,1,5.859086295,6.914809864,0.937521119
329,1,5.965874657,6.808063861,0.949462218
330,1,6.072866121,6.701122111,0.961608305
331,1,6.180237842,6.593995713,0.973469231
332,1,6.261461265,6.484595102,0.979398187
333,1,6.342905516,6.375071336,0.985063903
334,1,6.424718736,6.265575803,0.990858742
335,1,6.506707248,6.155902256,0.99667148
336,1,6.588959117,6.046289696,1.002485667
337,1,6.646379956,5.944464809,1.008179906
338,1,6.704172442,5.842808361,1.013852253
339,1,6.761968845,5.740844198,1.019547864
340,1,6.820070438,5.638925171,1.025216041
341,1,6.87819595,5.536940689,1.030901614
342,1,6.906257579,5.431212109,1.035911847
343,1,6.934306116,5.325505729,1.040995891
344,1,6.962492896,5.219644688,1.045874116
345,1,6.99066615,5.113806646,1.050826588
346,1,6.933137912,4.928899642,1.044963872
347,1,7.004517811,4.777675188,1.059517985
348,1,7.07633498,4.626355908,1.074167446
349,1,7.157287712,4.519450662,1.065221189
350,1,7.238451672,4.412582278,1.056007572
351,1,7.25906883,4.293805201,1.037789441
352,1,7.271834055,4.163713235,1.018498021
353,1,7.28481173,4.033722649,0.999093994
354,1,7.260372816,3.908135167,0.973126796
355,1,7.235921283,3.782661221,0.946895677
356,1,7.2113654,3.657218197,0.920665486
357,1,7.180453458,3.563677478,0.892238604
358,1,7.14953609,3.470129996,0.863587683
359,1,7.116553698,3.374224993,0.843373295
360,1,7.08347185,3.278355074,0.823103971
361,1,7.050489624,3.182520119,0.802768475
362,1,7.015978427,3.090196641,0.782018266
363,1,6.981322534,2.998030275,0.76120368
364,1,6.950801437,2.90477524,0.742600519
365,1,6.920328472,2.811624586,0.724062893
366,1,6.889721417,2.718421952,0.705329521
367,1,6.869497154,2.644607281,0.687606934
368,1,6.849129181,2.570773721,0.669961578
369,1,6.819326287,2.490907166,0.673121732
370,1,6.789417411,2.410658465,0.676574069
371,1,6.75936335,2.330403887,0.679877008
372,1,6.739941081,2.260285973,0.68444725
373,1,6.7204832,2.190097885,0.689131509
374,1,6.740415941,2.109653591,0.7151592
375,1,6.76052605,2.029388525,0.741246727
376,1,6.736790442,1.923927817,0.848851549
377,1,6.733265198,1.842115085,0.920243395
378,1,6.729663631,1.760015401,0.992013808
379,1,6.712942543,1.6865597,1.040646624
380,1,6.696273684,1.612978098,1.089266005
381,1,6.679418378,1.539224915,1.138046041
382,1,6.701214812,1.466206104,1.240731669
383,1,6.723180535,1.39291764,1.343762695
384,1,6.745169184,1.319359854,1.447161375
385,1,6.795429514,1.228057513,1.596425977
386,1,6.845997588,1.136270527,1.746667694
387,1,6.917079507,1.060722141,1.899876499
388,1,6.952801503,1.029088438,1.931605271
389,1,6.988548876,0.997637753,1.9631393
390,1,7.024354311,0.966013883,1.994750552
391,1,7.060230538,0.934396228,2.026307388
392,1,7.082545502,0.914234132,2.055192916
393,1,7.106866453,0.898616021,2.070834917
394,1,7.131305566,0.882695285,2.086613337
395,1,7.171813642,0.869477123,2.092891913
396,1,7.214597107,0.845098374,2.130091512
397,1,7.273839668,0.845131518,2.16824041
398,1,7.336223705,0.856998044,2.172032741
399,1,7.398617896,0.868859657,2.175780352
400,1,7.515147691,0.862335067,2.224200051
401,1,7.631843929,0.85599973,2.272555871
402,1,7.721960188,0.759629837,2.369841469
403,1,7.812471312,0.662907189,2.467353637
404,1,7.893302987,0.574486526,2.541427197
405,1,7.974442644,0.485955601,2.615529043
406,1,8.090105261,0.392605925,2.698609387
407,1,8.216230111,0.35745556,2.779740792
408,1,8.332114649,0.331745039,2.835365833
409,1,8.448128272,0.305921502,2.891199019
410,1,8.564513703,0.280145485,2.946797098
411,1,8.680938525,0.254203518,3.00276189
412,1,8.797010556,0.266734502,3.056168186
413,1,8.91483736,0.277814652,3.113287909
414,1,9.032859059,0.289068359,3.170426273
415,1,9.150940249,0.300232072,3.227582815
416,1,9.269155234,0.311569267,3.284748856
417,1,9.366997406,0.267777107,3.343171241
418,1,9.446602932,0.225720739,3.397766524
419,1,9.526247806,0.183627793,3.452310386
420,1,9.606095871,0.141261428,3.507120191
421,1,9.686127785,0.098939735,3.562007281
422,1,9.802943345,0.116307134,3.616884029
423,1,9.950767594,0.136876461,3.661017742
424,1,10.09845551,0.157415311,3.705282911
425,1,10.24644908,0.177902129,3.749367322
426,1,10.394373,0.198491522,3.793578106
427,1,10.52282195,0.210371193,3.850249614
428,1,10.65141225,0.222369213,3.907049515
429,1,10.78006595,0.2343225,3.963708378
430,1,10.90885215,0.246312782,4.020362202
431,1,11.03776516,0.258421249,4.077153332
432,1,11.13904918,0.280140811,4.116729297
433,1,11.2403854,0.302028493,4.156269332
434,1,11.34176484,0.323816678,4.19579192
435,1,11.44319168,0.345639214,4.235286954
436,1,11.54466958,0.367630296,4.274743958
437,1,11.61676403,0.374320383,4.298287233
438,1,11.68886985,0.381022439,4.321845254
439,1,11.76092994,0.387687055,4.345555607
440,1,11.83309788,0.394420107,4.369111635
441,1,11.90521506,0.401165528,4.392676951
442,1,11.99311923,0.405740392,4.429253934
443,1,12.08094343,0.410337625,4.465843356
444,1,12.16896895,0.415011928,4.502290765
445,1,12.25690359,0.41952179,4.538913787
446,1,12.34503486,0.424191444,4.575537207
447,1,12.44107261,0.421842598,4.61520257
448,1,12.53725219,0.419706476,4.655028791
449,1,12.68661331,0.431665112,4.697662017
450,1,12.83623021,0.443553228,4.740029532
451,1,13.01503745,0.460195186,4.783878869
452,1,13.2108294,0.496599149,4.813698473
453,1,13.40644122,0.533053118,4.843497388
454,1,13.60214991,0.569611001,4.873119848
455,1,13.79774561,0.606305425,4.902857422
456,1,13.99327999,0.642910077,4.932588137
457,1,14.1656375,0.691149305,4.926224826
458,1,14.33784831,0.739340115,4.91984463
459,1,14.50971204,0.787617901,4.913432564
460,1,14.68136341,0.835662927,4.907163898
461,1,14.85294096,0.883662496,4.900873176
462,1,14.98085349,0.913573708,4.886788986
463,1,15.10863269,0.943542857,4.872850795
464,1,15.23642975,0.973358109,4.85892318
465,1,15.36401054,1.003186364,4.844854493
466,1,15.4913951,1.033074667,4.830929377
467,1,15.59744307,1.056023843,4.811948368
468,1,15.70338806,1.07885955,4.792811809
469,1,15.80928887,1.10174865,4.773804231
470,1,15.91502383,1.124526688,4.754639516
471,1,16.02072468,1.147413913,4.735448398
472,1,16.11136292,1.171215538,4.713379389
473,1,16.20190016,1.195174102,4.691159513
474,1,16.29234251,1.218972263,4.668962655
475,1,16.38274959,1.242741255,4.646779164
476,1,16.47299909,1.266437383,4.624758366
477,1,16.61436417,1.294138579,4.593520548
478,1,16.75545595,1.321685952,4.562342778
479,1,16.89641748,1.349221676,4.531212761
480,1,17.03703651,1.376872614,4.500121674
481,1,17.17759011,1.404375534,4.469090598
482,1,17.37173391,1.477589463,4.401606275
483,1,17.56531579,1.550625815,4.334151143
484,1,17.75834015,1.62335202,4.266736979
485,1,17.95066812,1.6958783,4.199794861
486,1,18.14229713,1.768084258,4.132894011
487,1,18.30628305,1.827637269,4.094358625
488,1,18.46995069,1.886940814,4.055931327
489,1,18.63310068,1.94612791,4.01760266
490,1,18.79592806,2.005195764,3.979372001
491,1,18.95844755,2.064294132,3.941233442
492,1,19.10801156,2.09806786,3.887619384
493,1,19.25721269,2.13161567,3.834255057
494,1,19.40620307,2.165220721,3.780970135
495,1,19.55468189,2.198634414,3.727785778
496,1,19.70302124,2.232110169,3.674683312
497,1,19.81001693,2.263670288,3.635513449
498,1,19.91686948,2.295417457,3.596343991
499,1,20.02347783,2.326833787,3.557208033
500,1,20.12996102,2.358318491,3.518084858
501,1,20.23620357,2.389612416,3.478991282
502,1,20.39284499,2.41603879,3.457037743
503,1,20.5491954,2.442529612,3.435050484
504,1,20.70534372,2.468973595,3.413045857
505,1,20.86128937,2.495175224,3.391167167
506,1,21.01707304,2.521497951,3.369115268
507,1,21.2584471,2.561354021,3.323628087
508,1,21.49936683,2.601165282,3.278293068
509,1,21.73964125,2.640933866,3.233113737
510,1,21.97932041,2.680640378,3.188079865
511,1,22.21842407,2.720308409,3.143206626
512,1,22.41609961,2.741794406,3.094441577
513,1,22.61329417,2.763279748,3.045598352
514,1,22.81014559,2.784790138,2.996951308
515,1,23.00661193,2.806137036,2.948385149
516,1,23.2026508,2.827544701,2.899867915
517,1,23.38760994,2.821736056,2.88145983
518,1,23.57239963,2.816031859,2.863010926
519,1,23.75710961,2.810329114,2.84454451
520,1,23.94160048,2.804612324,2.826049899
521,1,24.12602249,2.798773181,2.807546567
522,1,24.32653376,2.814800139,2.780986548
523,1,24.52693648,2.830584196,2.754729643
524,1,24.72685236,2.846518404,2.728164618
525,1,24.92666007,2.862211231,2.701903594
526,1,25.12599193,2.877929806,2.675342212
527,1,25.30349313,2.814523939,2.669518345
528,1,25.48084579,2.751230684,2.663376097
529,1,25.65852418,2.687895337,2.657503136
530,1,25.83618653,2.624693078,2.651328458
531,1,26.01385328,2.56150505,2.645109619
532,1,26.1547733,2.536353029,2.633275633
533,1,26.29550482,2.511353357,2.621437799
534,1,26.43645548,2.486403077,2.609621034
535,1,26.5772673,2.461388848,2.59784447
536,1,26.71785721,2.436492708,2.585785229
537,1,26.86287859,2.385918044,2.630833907
538,1,27.00799778,2.335428305,2.675784882
539,1,27.15331654,2.284656139,2.720848744
540,1,27.29904548,2.233898418,2.766117474
541,1,27.44474295,2.183162757,2.811164212
542,1,27.53803533,2.14001342,2.86714589
543,1,27.63147302,2.096912219,2.92319425
544,1,27.72499617,2.053646786,2.979172724
545,1,27.8187763,2.010268199,3.035378303
546,1,27.9127191,1.966813264,3.091658603
547,1,27.95810612,1.937495778,3.147505736
548,1,28.00364921,1.908027192,3.203425571
549,1,28.0491925,1.878513489,3.259392309
550,1,28.09485602,1.849099926,3.315414127
551,1,28.1405376,1.819515786,3.371491787
552,1,28.18736842,1.799236482,3.447327871
553,1,28.23413114,1.778862099,3.523097458
554,1,28.28107363,1.75860265,3.598928044
555,1,28.32798288,1.738280249,3.674973269
556,1,28.37508214,1.717866719,3.750953183
557,1,28.31779354,1.656135866,3.796715204
558,1,28.26048333,1.594183951,3.842459223
559,1,28.20297806,1.53217531,3.888464833
560,1,28.14540754,1.469887131,3.934591439
561,1,28.08758734,1.407637801,3.980686536
562,1,28.07130959,1.325836363,4.036235547
563,1,28.05495203,1.243865588,4.091797641
564,1,28.03863775,1.161636592,4.147677238
565,1,28.02217304,1.079227937,4.203562422
566,1,28.00565431,0.996599422,4.259610001
567,1,27.88225617,0.929365141,4.328592281
568,1,27.75852321,0.86191967,4.397797606
569,1,27.63431221,0.794243585,4.467211137
570,1,27.50974497,0.72648578,4.536837014
571,1,27.38471343,0.658366299,4.606684195
572,1,27.29322443,0.578965719,4.653150804
573,1,27.20145923,0.499380713,4.699773684
574,1,27.10946338,0.419671868,4.746408711
575,1,27.01714274,0.339717512,4.793345334
576,1,26.92452544,0.259710067,4.840427491
577,1,26.78466686,0.27592745,4.881018905
578,1,26.64470588,0.292282052,4.921643002
579,1,26.4420867,0.300369124,4.970751285
580,1,26.23903434,0.308568323,5.019442018
581,1,26.08744954,0.240518822,5.070622072
582,1,25.93889286,0.1605268,5.155143455
583,1,25.76269542,0.175013685,5.232179608
584,1,25.58619147,0.189643122,5.309213775
585,1,25.40928885,0.204377998,5.386213577
586,1,25.2318992,0.219044822,5.463354638
587,1,25.07096134,0.233339322,5.548957179
588,1,24.95473222,0.230833747,5.632523072
589,1,24.83822419,0.228357907,5.716045996
590,1,24.72153569,0.22595089,5.799824924
591,1,24.60446715,0.223837268,5.883524431
592,1,24.49719939,0.235122993,5.933169579
593,1,24.38584344,0.246731684,5.983421408
594,1,24.27429161,0.258490435,6.033342438
595,1,24.16258804,0.27045942,6.083245397
596,1,24.05077876,0.282233711,6.133452439
597,1,23.95017596,0.291711516,6.194635611
598,1,23.85441571,0.307249836,6.25481541
599,1,23.75864277,0.322876943,6.314963818
600,1,23.6626438,0.338496672,6.374936033
601,1,23.56650024,0.354288891,6.435015273
602,1,23.43782974,0.346632044,6.55143993
603,1,23.29079873,0.341807943,6.669100495
604,1,23.14323211,0.337079372,6.786770624
605,1,22.99518918,0.332755796,6.90470557
606,1,22.84676929,0.32832737,7.022809119
607,1,22.70296412,0.37544076,7.142854383
608,1,22.55889758,0.422987875,7.262701987
609,1,22.41436032,0.470960131,7.382342627
610,1,22.26936275,0.519371169,7.501774848
611,1,22.12402613,0.568352969,7.620966413
612,1,22.01376336,0.571669813,7.7108114
613,1,21.90308499,0.575070621,7.800646222
614,1,21.79228495,0.578585854,7.890476407
615,1,21.68121845,0.582293954,7.980433906
616,1,21.56988204,0.586010416,8.070240257
617,1,21.48058888,0.58607515,8.14937237
618,1,21.39111101,0.586117173,8.228388139
619,1,21.30146226,0.586179786,8.30758294
620,1,21.21163398,0.586483232,8.386781717
621,1,21.12160858,0.586833059,8.465992796
622,1,21.00779544,0.583444169,8.569604236
623,1,20.89375757,0.580109808,8.673425719
624,1,20.77926189,0.57709192,8.777118941
625,1,20.66454183,0.574130605,8.881017283
626,1,20.54951889,0.571185116,8.9848238
627,1,20.41532485,0.558049909,9.105952336
628,1,20.28075423,0.545210565,9.227006812
629,1,20.14562703,0.532327272,9.348191985
630,1,20.01006681,0.51969774,9.469456555
631,1,19.87423442,0.507028842,9.590844389
632,1,19.78147747,0.510450821,9.676700123
633,1,19.68860938,0.51398208,9.762559226
634,1,19.59547933,0.51767071,9.848259764
635,1,19.50216677,0.52140213,9.934121665
636,1,19.40866968,0.525237485,10.01998282
637,1,19.33767686,0.502864381,10.10335356
638,1,19.26637917,0.48075514,10.18692544
639,1,19.19514266,0.458395479,10.27047799
640,1,19.12359529,0.43629042,10.35423008
641,1,19.05190361,0.413887205,10.43812561
642,1,18.97821463,0.394846641,10.5016051
643,1,18.90445993,0.375739429,10.56526643
644,1,18.83056315,0.3566198,10.62894719
645,1,18.75645475,0.33749239,10.69264658
646,1,18.68220407,0.318353191,10.75636415
647,1,18.62358458,0.304513925,10.81226406
648,1,18.5649712,0.290402816,10.86825317
649,1,18.50619231,0.276570064,10.92438346
650,1,18.44741335,0.26251457,10.98043994
651,1,18.38839348,0.248792631,11.03647265
652,1,18.24212709,0.227732908,11.10321446
653,1,18.095505,0.206615604,11.17013453
654,1,17.94858108,0.185691881,11.23687493
655,1,17.80143808,0.164590593,11.30366003
656,1,17.65393537,0.143647103,11.3704231
657,1,17.53042036,0.150674213,11.44071137
658,1,17.4067173,0.157951989,11.51092909
659,1,17.28283236,0.165325675,11.58110465
660,1,17.15875995,0.172895486,11.6509076
661,1,17.03451441,0.180461488,11.72099406
662,1,16.86773295,0.175641641,11.79579822
663,1,16.7006424,0.170824347,11.8707128
664,1,16.53325276,0.165969541,11.94542982
665,1,16.36562714,0.161329864,12.02005398
666,1,16.19755248,0.156751457,12.09461287
667,1,16.04090801,0.175729291,12.16466996
668,1,15.88415898,0.194933376,12.23446753
669,1,15.72715468,0.214413694,12.30430581
670,1,15.56997717,0.2339572,12.37391549
671,1,15.41270297,0.253676012,12.44342354
672,1,15.28892263,0.267464916,12.44063018
673,1,15.16516512,0.281293771,12.43781797
674,1,15.04136037,0.295006296,12.43501764
675,1,14.91764976,0.309073423,12.43213405
676,1,14.79396563,0.322862512,12.42929867
677,1,14.55081469,0.309135705,12.4495263
678,1,14.30746548,0.295327026,12.46950376
679,1,14.06391781,0.281656573,12.48949231
680,1,13.82018032,0.267904412,12.50922851
681,1,13.57618018,0.254337501,12.52881209
682,1,13.36915648,0.294548178,12.49228159
683,1,13.16247873,0.334736446,12.45568689
684,1,12.95599643,0.374896415,12.41903594
685,1,12.74985972,0.415027837,12.38233003
686,1,12.54400362,0.455135489,12.34555648
687,1,12.37066755,0.458117392,12.31786798
688,1,12.19734897,0.460896408,12.29005216
689,1,12.02418764,0.463959065,12.26247743
690,1,11.85112511,0.466865848,12.23461718
691,1,11.67815953,0.470105713,12.20683065
692,1,11.53188465,0.478423689,12.17709874
693,1,11.3857282,0.48679271,12.14715587
694,1,11.23966104,0.495065091,12.11750241
695,1,11.09371309,0.503432369,12.08749481
696,1,10.94786393,0.511751136,12.05761428
697,1,10.80623173,0.530348135,12.03953199
698,1,10.66461945,0.549070973,12.02156895
699,1,10.52302421,0.567651941,12.00362739
700,1,10.38169387,0.586455641,11.98547549
701,1,10.24038711,0.605117823,11.96733484
702,1,10.01170981,0.634320958,11.9130247
703,1,9.783405561,0.663527426,11.85871256
704,1,9.555476748,0.692735935,11.80439993
705,1,9.328001487,0.721944788,11.75008303
706,1,9.100830394,0.751153209,11.69577372
707,1,8.939440867,0.775592635,11.68877112
708,1,8.778233619,0.800037815,11.68170219
709,1,8.617058401,0.824489493,11.6745777
710,1,8.455991996,0.848946438,11.66739209
711,1,8.295100321,0.873250242,11.66017132
712,1,8.145675511,0.88099667,11.64772455
713,1,7.99655892,0.888793267,11.635073
714,1,7.847278465,0.896548204,11.62254748
715,1,7.69829261,0.904305405,11.60997822
716,1,7.5491592,0.912067535,11.59737428
717,1,7.385963343,0.958172419,11.58943887
718,1,7.222742605,1.004183138,11.58149822
719,1,7.060035797,1.050408814,11.57348757
720,1,6.897341504,1.096736986,11.56526613
721,1,6.734918441,1.143071884,11.55715708
722,1,6.536743653,1.15281549,11.61776027
723,1,6.33851485,1.162652639,11.67820406
724,1,6.140145726,1.17242772,11.73852477
725,1,5.941668302,1.182453488,11.7986554
726,1,5.743071567,1.192572178,11.858626
727,1,5.592950303,1.251706479,11.9151399
728,1,5.442886316,1.310871833,11.97138425
729,1,5.29298083,1.370389332,12.02731417
730,1,5.143059273,1.429942807,12.08299298
731,1,4.993255456,1.489882033,12.13817048
732,1,4.892856815,1.540263045,12.17496678
733,1,4.792592081,1.590985247,12.21142745
734,1,4.692404372,1.641800805,12.24790303
735,1,4.592318245,1.692638463,12.28411164
736,1,4.492256904,1.743722386,12.3202906
737,1,4.399943313,1.790036906,12.31906521
738,1,4.307679469,1.836507343,12.31775056
739,1,4.215500538,1.882819958,12.31642555
740,1,4.123424773,1.929132623,12.31505516
741,1,4.031452371,1.975444945,12.3136393
742,1,3.876716816,2.048768446,12.28521502
743,1,3.722212352,2.122193407,12.25654344
744,1,3.56802078,2.195474833,12.22797514
745,1,3.414311016,2.268537766,12.19923591
746,1,3.26079232,2.341498143,12.17044084
747,1,3.114104673,2.320338282,12.08515306
748,1,2.967708675,2.299495339,11.99962498
749,1,2.821537009,2.278630581,11.91411783
750,1,2.67558884,2.257850913,11.82873662
751,1,2.529915482,2.237231348,11.74315574
752,1,2.443340001,2.158249839,11.6451575
753,1,2.356876671,2.079700698,11.54669238
754,1,2.270547836,2.001503839,11.44808404
755,1,2.184428153,1.923551743,11.34922384
756,1,2.098447716,1.846190866,11.24987392
757,1,2.035520608,1.805921636,11.10380837
758,1,1.972910542,1.766213502,10.95753574
759,1,1.910578635,1.726747768,10.81110472
760,1,1.848538897,1.68769653,10.66452706
761,1,1.786795263,1.649049428,10.51778924
762,1,1.696078061,1.636977174,10.41491698
763,1,1.605616602,1.625073589,10.31189978
764,1,1.515264596,1.613446296,10.20886302
765,1,1.425234759,1.60174491,10.10602554
766,1,1.335461315,1.590211407,10.00304901
767,1,1.297327542,1.505887402,9.921136808
768,1,1.259341969,1.421968011,9.838730546
769,1,1.221607473,1.338522553,9.756137005
770,1,1.183972343,1.25528681,9.67323589
771,1,1.146554938,1.172462714,9.589859032
772,1,1.107338116,1.227484412,9.48096243
773,1,1.06831885,1.282559215,9.372169134
774,1,1.029424463,1.337341738,9.263686174
775,1,0.990647804,1.391936401,9.155640176
776,1,0.952045146,1.44643521,9.047723726
777,1,0.91371092,1.435024367,8.888690669
778,1,0.875726034,1.423941664,8.729482897
779,1,0.838060739,1.413139182,8.57025838
780,1,0.800684744,1.402568716,8.411174216
781,1,0.763654747,1.392319728,8.251930506
782,1,0.773467034,1.430507112,8.156396859
783,1,0.783254826,1.468483489,8.06105246
784,1,0.793126909,1.506544267,7.965864483
785,1,0.802908834,1.544390312,7.870852806
786,1,0.812709242,1.582315672,7.775985766
787,1,0.864016349,1.563656495,7.656994781
788,1,0.915387829,1.545084072,7.537928562
789,1,0.966718808,1.526895205,7.418768552
790,1,1.018133594,1.508935998,7.299516767
791,1,1.069484747,1.49121532,7.180197022
792,1,1.035516941,1.472097648,7.149400194
793,1,1.001723168,1.453094502,7.118554191
794,1,0.992926696,1.435246889,7.092356461
795,1,0.960435933,1.460372091,7.054425867
796,1,0.896694527,1.439494042,7.018025652
797,1,0.90562093,1.456154358,6.994372316
798,1,0.914638984,1.472942333,6.970699453
799,1,0.923634015,1.489579319,6.947055967
800,1,0.932639404,1.506359369,6.923426111
801,1,0.94163006,1.522978333,6.899803103
802,1,0.996216383,1.453558446,6.852828783
803,1,1.050959372,1.384372573,6.80568936
804,1,1.105875974,1.315403015,6.758339469
805,1,1.161021184,1.246665336,6.710814334
806,1,1.216163201,1.178109043,6.663251894
807,1,1.229553917,1.081977103,6.601825645
808,1,1.242900423,0.986130165,6.540121918
809,1,1.256449232,0.890520791,6.478294816
810,1,1.270001736,0.795387605,6.416024142
811,1,1.283735941,0.700352337,6.353650318
812,1,1.424813246,0.619881461,6.324414018
813,1,1.566125118,0.539535783,6.294971634
814,1,1.707576242,0.459180605,6.265352402
815,1,1.849352381,0.379091642,6.23550133
816,1,1.991358074,0.299134287,6.205447858
817,1,2.132816177,0.260650747,6.139122329
818,1,2.274356263,0.222534678,6.072589764
819,1,2.416038625,0.184793317,6.005863524
820,1,2.557859701,0.147430125,5.938945483
821,1,2.699815863,0.110448525,5.871837563
822,1,2.851825259,0.110537936,5.834503986
823,1,3.003666466,0.110515748,5.797113865
824,1,3.155506792,0.11051784,5.759629224
825,1,3.307146313,0.110684989,5.722047089
826,1,3.458828721,0.110739239,5.684399048
827,1,3.577992251,0.119657169,5.664639629
828,1,3.697131383,0.128624379,5.644671377
829,1,3.816207774,0.137532984,5.624778981
830,1,3.935106593,0.146494367,5.604699979
831,1,4.054167884,0.155451497,5.584555062
832,1,4.162810697,0.169324541,5.547687676
833,1,4.271332741,0.183238848,5.510613724
834,1,4.379786199,0.197104592,5.473703122
835,1,4.488117559,0.211011308,5.436587193
836,1,4.596304293,0.224870957,5.399644911
837,1,4.678365893,0.233758707,5.363292688
838,1,4.760238192,0.242326395,5.327126082
839,1,4.842012887,0.251173991,5.290917024
840,1,4.923719847,0.259803324,5.254577628
841,1,5.005431005,0.268665103,5.218369582
842,1,5.060436219,0.313266914,5.18665553
843,1,5.115355145,0.357895709,5.155122611
844,1,5.169983069,0.402325063,5.123634913
845,1,5.224866787,0.446935941,5.091871057
846,1,5.279465738,0.491251684,5.060486103
847,1,5.377138646,0.521544718,5.036313113
848,1,5.474789266,0.551806726,5.012141406
849,1,5.579371667,0.598248214,4.987359668
850,1,5.683809032,0.644577073,4.962726108
851,1,5.767811357,0.752360915,4.928387916
852,1,5.857345652,0.816515798,4.875329475
853,1,5.946754091,0.880672387,4.822383764
854,1,6.035930044,0.944506773,4.769716394
855,1,6.124790007,1.008253659,4.717013871
856,1,6.213653325,1.071949731,4.664555078
857,1,6.172008258,1.153249743,4.561627342
858,1,6.130470731,1.234251116,4.45906099
859,1,6.079311145,1.32379872,4.391519135
860,1,6.028340185,1.413125174,4.324045115
861,1,5.985064547,1.496386201,4.263519136
862,1,5.960301916,1.547096145,4.208927227
863,1,5.937528681,1.602256465,4.140298169
864,1,5.908174609,1.708836585,4.065901763
865,1,5.857030449,1.803754587,4.031091536
866,1,5.7548857,1.811415967,3.996253563
867,1,5.677574645,1.890014214,3.938274719
868,1,5.600594006,1.968515871,3.880201571
869,1,5.523725873,2.046736399,3.822619182
870,1,5.447237874,2.124675933,3.765067888
871,1,5.370781194,2.202559009,3.707704432
872,1,5.242896441,2.221289611,3.629965434
873,1,5.11520655,2.239884971,3.552395
874,1,4.987868874,2.258471513,3.474963291
875,1,4.860655364,2.277005875,3.397826043
876,1,4.733839137,2.295757671,3.320552106
877,1,4.628078463,2.33690255,3.258948999
878,1,4.522606191,2.377889469,3.197594891
879,1,4.417276258,2.418940695,3.136205471
880,1,4.312230275,2.459755539,3.074951116
881,1,4.207383401,2.50028677,3.013963661
882,1,4.1016482,2.520311346,2.959474582
883,1,3.996087959,2.540285194,2.905033116
884,1,3.890771754,2.560068859,2.850614232
885,1,3.785596421,2.57991994,2.796202599
886,1,3.680651884,2.599588123,2.74183648
887,1,3.606385323,2.60522331,2.697563577
888,1,3.532247902,2.610805254,2.653453978
889,1,3.458117568,2.616248883,2.609374845
890,1,3.384133598,2.621844456,2.565134285
891,1,3.310277686,2.627386702,2.521057687
892,1,3.236140606,2.647709017,2.486532106
893,1,3.162060437,2.668033281,2.452300724
894,1,3.088123678,2.688406407,2.417807861
895,1,3.014212431,2.708526058,2.383623269
896,1,2.940460158,2.728822001,2.349170626
897,1,2.886723087,2.908316285,2.24633265
898,1,2.81157644,3.061990808,2.141696033
899,1,2.737080817,3.214946641,2.037473171
900,1,2.655224209,3.304634953,1.937370098
1,2,5.196404195,10.84116106,1.630601793
2,2,5.160241089,10.66674993,1.619535116
3,2,5.123901939,10.4923924,1.608339086
4,2,5.087610483,10.31796948,1.597019966
5,2,5.051225045,10.14347326,1.585720105
6,2,5.014905773,9.968931909,1.574176872
7,2,4.962034312,9.834082893,1.551729333
8,2,4.909162477,9.699267096,1.529124452
9,2,4.856122863,9.564377806,1.506556897
10,2,4.803115907,9.429663454,1.483705273
11,2,4.749973089,9.295017643,1.460764476
12,2,4.731645037,9.12398933,1.419040931
13,2,4.713421599,8.953158429,1.377001615
14,2,4.695302599,8.782526881,1.334647106
15,2,4.677224035,8.612102035,1.291989567
16,2,4.659313118,8.441874697,1.249006501
17,2,4.541727496,8.290547288,1.200252239
18,2,4.423884735,8.139501837,1.151373905
19,2,4.305963699,7.988518413,1.102246271
20,2,4.187906138,7.837732795,1.052903081
21,2,4.069749787,7.687151134,1.00317332
22,2,4.024534784,7.537826023,0.959421136
23,2,3.979323656,7.388813584,0.915421778
24,2,3.934176251,7.239899336,0.871044843
25,2,3.8888897,7.091271007,0.826548838
26,2,3.843659377,6.942754863,0.781700109
27,2,3.742343204,6.79655886,0.762662861
28,2,3.640844508,6.650464265,0.743559453
29,2,3.540099865,6.513900841,0.724017306
30,2,3.439134662,6.377444958,0.704401312
31,2,3.363827337,6.380602845,0.682631059
32,2,3.323123378,6.268998895,0.665152289
33,2,3.282332629,6.157403981,0.647593323
34,2,3.241501538,6.045834256,0.629992168
35,2,3.200707712,5.9342748,0.612310226
36,2,3.15982781,5.822725563,0.594548344
37,2,3.142104579,5.719113512,0.605472596
38,2,3.12449883,5.615377073,0.616409512
39,2,3.106864754,5.511535646,0.627411494
40,2,3.089078948,5.407663796,0.63858088
41,2,3.071421158,5.303581508,0.649636376
42,2,3.032827717,5.217943961,0.655182935
43,2,2.994266953,5.132328219,0.66056208
44,2,2.955631489,5.046583246,0.665920723
45,2,2.916858597,4.960919773,0.671396364
46,2,2.878120018,4.875280569,0.676702767
47,2,2.822723294,4.830144551,0.672287716
48,2,2.767155835,4.784969358,0.667971728
49,2,2.711636841,4.739787589,0.663608741
50,2,2.656112087,4.694652186,0.659105972
51,2,2.600569179,4.64958905,0.654672782
52,2,2.573077226,4.61122652,0.661205722
53,2,2.545427005,4.572853096,0.667774225
54,2,2.517795309,4.534285263,0.674447333
55,2,2.490215448,4.495823491,0.681137989
56,2,2.46258407,4.457373952,0.687692121
57,2,2.435753294,4.407393813,0.686565016
58,2,2.40891015,4.357402665,0.685433955
59,2,2.381997696,4.307395281,0.684286318
60,2,2.355129845,4.257382195,0.683147385
61,2,2.328192714,4.207352963,0.681991853
62,2,2.309059741,4.146358609,0.685612788
63,2,2.289868584,4.08552271,0.68932651
64,2,2.270698086,4.02446649,0.692959237
65,2,2.251540519,3.963623044,0.696590529
66,2,2.232261402,3.902450427,0.700329566
67,2,2.205575383,3.857483412,0.701292806
68,2,2.178874752,3.812502984,0.702256324
69,2,2.152078293,3.767595073,0.703364727
70,2,2.125205215,3.722464771,0.704333919
71,2,2.098449214,3.677525351,0.705429307
72,2,2.121175209,3.719408248,0.698865128
73,2,2.143801621,3.761245474,0.692416829
74,2,2.158399085,3.574179158,0.697894385
75,2,2.173221419,3.38692037,0.703138224
76,2,2.204445169,3.293781683,0.706614291
77,2,2.215089144,3.307308104,0.705411609
78,2,2.225786815,3.320987886,0.704044152
79,2,2.236440814,3.33463283,0.702839519
80,2,2.247034859,3.348270926,0.701623108
81,2,2.257667371,3.361789741,0.700423662
82,2,2.213591831,3.462493334,0.696935621
83,2,2.169551441,3.563094549,0.693580727
84,2,2.125673543,3.663595184,0.690356642
85,2,2.081979545,3.763980607,0.686823893
86,2,2.038336468,3.864386066,0.683419112
87,2,2.033762957,3.98714668,0.698726396
88,2,2.029337649,4.109927469,0.713963009
89,2,2.024860899,4.23260016,0.729121044
90,2,2.020674969,4.355414621,0.744203442
91,2,2.016396944,4.478236112,0.75919055
92,2,2.037764132,4.65656219,0.76377364
93,2,2.059066388,4.834837991,0.768427354
94,2,2.080461622,5.01288426,0.772868229
95,2,2.101927199,5.190794945,0.777251396
96,2,2.123254774,5.368527966,0.781695076
97,2,2.209086854,5.575574795,0.807018468
98,2,2.294879879,5.782633194,0.832023046
99,2,2.380503056,5.98964952,0.857007722
100,2,2.466001662,6.196633783,0.881788856
101,2,2.551322293,6.40363245,0.90627796
102,2,2.633717377,6.589606073,0.926080812
103,2,2.716002405,6.775567212,0.945628081
104,2,2.798177522,6.961326709,0.965165004
105,2,2.880270754,7.147231744,0.984341214
106,2,2.962145204,7.333052782,1.00350206
107,2,3.016065454,7.517984536,1.032903848
108,2,3.069920035,7.7028247,1.062221039
109,2,3.110881869,7.922929472,1.085890979
110,2,3.15180569,8.143018533,1.109283608
111,2,3.21120498,8.405697219,1.133706333
112,2,3.316067135,8.548413595,1.175568659
113,2,3.420790908,8.691348631,1.217162799
114,2,3.525401187,8.83443361,1.258696115
115,2,3.629798384,8.977609557,1.299952324
116,2,3.734094977,9.121055488,1.341140581
117,2,3.825590571,9.278168191,1.378113884
118,2,3.91712753,9.435399933,1.414859765
119,2,4.008445563,9.592728559,1.451497462
120,2,4.099706106,9.750198311,1.487782963
121,2,4.190987859,9.907765834,1.523957285
122,2,4.241873587,10.05454484,1.528317754
123,2,4.292652518,10.20133932,1.532753799
124,2,4.343316199,10.34793185,1.537156037
125,2,4.393898603,10.49446139,1.541399794
126,2,4.444299822,10.64089585,1.545735412
127,2,4.516151867,10.74139807,1.569926816
128,2,4.587988028,10.84192137,1.594250239
129,2,4.659769833,10.94252609,1.618206993
130,2,4.731516365,11.04318145,1.642045578
131,2,4.803209309,11.14386986,1.665883117
132,2,4.835730235,11.25139025,1.688640177
133,2,4.868272056,11.35882628,1.711401927
134,2,4.900689075,11.46632078,1.734054945
135,2,4.933205747,11.57403084,1.756371223
136,2,4.965725081,11.68163968,1.778808541
137,2,4.997042232,11.73899078,1.80014033
138,2,5.028415836,11.79643754,1.821313804
139,2,5.059739291,11.85382311,1.842556825
140,2,5.091017476,11.91140951,1.86361234
141,2,5.122316111,11.96906013,1.884742366
142,2,5.257849711,12.01661431,1.928796572
143,2,5.393686921,12.06429064,1.9721661
144,2,5.441576004,12.17043614,1.993222923
145,2,5.489390939,12.27677752,2.014308864
146,2,5.526075553,12.38148724,2.033226025
147,2,5.557806612,12.46347994,2.093002486
148,2,5.587956544,12.57246203,2.150196726
149,2,5.651785042,12.66717139,2.215029957
150,2,5.772080848,12.99660985,2.271359221
151,2,5.793740767,12.98703484,2.335867806
152,2,5.912353447,12.9429149,2.451567559
153,2,6.031410672,12.89862228,2.567535991
154,2,6.156610954,12.88716811,2.682133607
155,2,6.282131178,12.87583525,2.796955549
156,2,6.470707026,12.86117595,2.923797662
157,2,6.598740489,12.71559448,3.041796353
158,2,6.727599247,12.5689096,3.160161013
159,2,6.765775625,12.41297715,3.264388242
160,2,6.80426115,12.25636626,3.369435105
161,2,6.848752031,12.1087245,3.475273236
162,2,6.959219314,11.94991309,3.597203749
163,2,7.070472118,11.78996288,3.719886348
164,2,7.115750647,11.59006627,3.836820067
165,2,7.161444939,11.38920493,3.954840221
166,2,7.207605417,11.18734849,4.074065974
167,2,7.26202466,10.99007718,4.151388095
168,2,7.316968553,10.7922956,4.229418743
169,2,7.449941978,10.6212678,4.317519573
170,2,7.5838628,10.44912513,4.405974752
171,2,7.71841249,10.2763691,4.494719714
172,2,7.694722122,10.06527637,4.704539342
173,2,7.670743352,9.852305707,4.916345633
174,2,7.64862097,9.665333955,4.965675481
175,2,7.626349499,9.477702879,5.015314621
176,2,7.621239352,9.281777541,5.101713681
177,2,7.636973452,9.094170756,5.190590636
178,2,7.648397722,8.91099511,5.253076484
179,2,7.659907256,8.727202095,5.315928246
180,2,7.671564693,8.54279114,5.3791566
181,2,7.683274919,8.357801474,5.442483642
182,2,7.689158241,8.21866211,5.499792364
183,2,7.686101338,8.074599555,5.583403192
184,2,7.68304199,7.929963207,5.667486063
185,2,7.679855123,7.784743764,5.75202699
186,2,7.676826622,7.639242549,5.836896505
187,2,7.665306957,7.484217074,5.922374986
188,2,7.63780337,7.330661605,6.003470464
189,2,7.610138704,7.176457037,6.085291486
190,2,7.582437201,7.021707406,6.167291799
191,2,7.554543022,6.866602275,6.249861372
192,2,7.523633672,6.722959573,6.330849878
193,2,7.512705611,6.583585228,6.385187851
194,2,7.501704372,6.443839871,6.439771619
195,2,7.490731005,6.303559616,6.494774752
196,2,7.479642207,6.163074088,6.549877472
197,2,7.452084446,6.000495238,6.606181543
198,2,7.404769426,5.85888054,6.576440316
199,2,7.357234284,5.717492327,6.546731243
200,2,7.309719663,5.576283046,6.516630269
201,2,7.262142281,5.435224733,6.486285013
202,2,7.223359138,5.283957592,6.458453173
203,2,7.211368176,5.12886451,6.439598944
204,2,7.199358224,4.973806095,6.420659745
205,2,7.187425011,4.818855553,6.401360008
206,2,7.175600067,4.663945973,6.381992828
207,2,7.152781377,4.475653379,6.365227876
208,2,7.085046702,4.29922296,6.314567673
209,2,6.974221107,4.227640891,6.243907326
210,2,6.863450184,4.156404759,6.172992858
211,2,6.74106765,4.1218953,6.095424208
212,2,6.683661643,3.988536055,6.039838882
213,2,6.669388858,3.853073955,5.982812974
214,2,6.655175347,3.717793404,5.925441669
215,2,6.641032963,3.582833231,5.867710352
216,2,6.626890368,3.448197433,5.809628699
217,2,6.602134434,3.324112311,5.748388538
218,2,6.542024545,3.205907157,5.675372518
219,2,6.481822578,3.088246265,5.602148136
220,2,6.421704468,2.970978048,5.52829169
221,2,6.361538869,2.854075921,5.454383697
222,2,6.276017981,2.791145076,5.370343284
223,2,6.220716651,2.723046631,5.296237587
224,2,6.165500531,2.655070654,5.221990525
225,2,6.11047847,2.587675012,5.147444942
226,2,6.055653564,2.520486021,5.072461136
227,2,6.038154476,2.42985046,5.005765832
228,2,6.025291888,2.340905869,4.933355432
229,2,6.01244773,2.252403837,4.860681353
230,2,5.999640184,2.16403202,4.787926974
231,2,5.986982939,2.076018567,4.714796262
232,2,5.966270619,2.0254499,4.636347332
233,2,5.916030606,1.971481606,4.575282113
234,2,5.865842119,1.917470793,4.514422171
235,2,5.815664152,1.863874017,4.453174858
236,2,5.765578998,1.810327281,4.391839421
237,2,5.713181827,1.773543342,4.328456805
238,2,5.664785138,1.740288272,4.253799446
239,2,5.616480843,1.707239401,4.17895283
240,2,5.568227719,1.674302876,4.10421266
241,2,5.520088721,1.641619715,4.029138136
242,2,5.463150582,1.601217398,3.953488035
243,2,5.418686289,1.549069655,3.910555306
244,2,5.37428628,1.496949672,3.867379395
245,2,5.344341269,1.530780754,3.818724674
246,2,5.315994359,1.48304541,3.777785778
247,2,5.287633729,1.43544579,3.736626004
248,2,5.257405041,1.393942049,3.705379064
249,2,5.227095837,1.352185613,3.67423198
250,2,5.1969743,1.310757418,3.643008743
251,2,5.166819781,1.269389485,3.611719287
252,2,5.150571412,1.246830129,3.581135435
253,2,5.120980255,1.230340644,3.535770254
254,2,5.091378747,1.214185693,3.490367196
255,2,5.061763002,1.197844642,3.444993958
256,2,5.032185475,1.181572088,3.399590935
257,2,4.977383608,1.220199273,3.345349217
258,2,4.934870769,1.275463221,3.239751195
259,2,4.892620616,1.33053958,3.134368782
260,2,4.871826358,1.272053812,3.042100192
261,2,4.860364685,1.264978789,2.94719556
262,2,4.830745146,1.141944373,2.858094065
263,2,4.782004665,1.010925182,2.796926736
264,2,4.739472602,1.0559275,2.72356487
265,2,4.696984821,1.100914042,2.650506475
266,2,4.625217719,1.083681515,2.576837308
267,2,4.576005854,1.169489292,2.499979356
268,2,4.538241824,1.246483215,2.444455457
269,2,4.500542254,1.323408058,2.389033988
270,2,4.462963459,1.400058443,2.33359335
271,2,4.42548445,1.476594486,2.278409387
272,2,4.421827688,1.641418788,2.223506285
273,2,4.374757122,1.815573841,2.152152158
274,2,4.230666322,1.924239631,2.067788944
275,2,4.087134839,2.032659916,1.983644005
276,2,3.983489933,2.171844106,1.905027066
277,2,3.935055614,2.331779753,1.836003546
278,2,3.922113031,2.481574167,1.78547057
279,2,3.909243346,2.630903344,1.735354117
280,2,3.896494293,2.779858,1.685372573
281,2,3.883816821,2.928351935,1.635804009
282,2,3.843302241,3.049784316,1.582587301
283,2,3.788302928,3.167701276,1.544012197
284,2,3.733500431,3.285346358,1.505571445
285,2,3.678823277,3.402723887,1.467276522
286,2,3.624412043,3.519827371,1.429101631
287,2,3.584518659,3.630016067,1.394376513
288,2,3.558828533,3.73554757,1.368906567
289,2,3.533268821,3.840856427,1.343631908
290,2,3.507690039,3.946026736,1.318293619
291,2,3.482298647,4.050980252,1.293160657
292,2,3.463083975,4.163948687,1.268892374
293,2,3.446416632,4.27667317,1.244016855
294,2,3.429745228,4.389076935,1.219216746
295,2,3.413131984,4.501373231,1.194628242
296,2,3.396668181,4.613520389,1.169999361
297,2,3.376094176,4.713361446,1.14530021
298,2,3.383662809,4.778226107,1.128902457
299,2,3.355795263,4.877171328,1.102776358
300,2,3.344233507,4.974332975,1.073108494
301,2,3.332744012,5.071429789,1.043515275
302,2,3.319086893,5.130251932,1.071077679
303,2,3.305494794,5.189134364,1.098639124
304,2,3.291962632,5.248274525,1.125944176
305,2,3.278368461,5.307396088,1.153146581
306,2,3.264878777,5.366734361,1.180211
307,2,3.253524144,5.431890913,1.207417078
308,2,3.242218042,5.497106343,1.23452146
309,2,3.216506068,5.58465472,1.189317963
310,2,3.177903249,5.67370642,1.141253298
311,2,3.147602202,5.748939756,1.138799046
312,2,3.119905627,5.816917014,1.137410858
313,2,3.096037358,5.874904635,1.169586174
314,2,3.072273749,5.933101282,1.201673122
315,2,2.948089797,6.105851476,0.869020769
316,2,2.920549544,6.17084461,0.876793043
317,2,2.876370088,6.228640289,0.881258404
318,2,2.833700357,6.291613925,0.866225187
319,2,2.791148415,6.354402189,0.851202961
320,2,2.747008644,6.40705268,0.874011508
321,2,2.702974444,6.459751802,0.896690832
322,2,2.697654689,6.503836028,0.870094399
323,2,2.692355893,6.547851035,0.843524115
324,2,2.682373855,6.578566991,0.868201126
325,2,2.672344841,6.6093134,0.892832731
326,2,2.66716436,6.649455669,0.880364054
327,2,2.670848023,6.705094775,0.86880516
328,2,2.674585056,6.760708908,0.857310431
329,2,2.678189794,6.816237871,0.845942
330,2,2.682004367,6.871761456,0.834483893
331,2,2.685645076,6.927236075,0.823038572
332,2,2.679571548,6.988596486,0.816645919
333,2,2.673439869,7.049806944,0.810282627
334,2,2.667485534,7.111221121,0.803922799
335,2,2.661424714,7.172389098,0.797457629
336,2,2.655459988,7.233724583,0.791109115
337,2,2.680468257,7.31467464,0.787402452
338,2,2.705440368,7.395577839,0.783696575
339,2,2.730319592,7.476427825,0.779978628
340,2,2.755154282,7.55724323,0.776287823
341,2,2.77996117,7.63799939,0.772571678
342,2,2.772681955,7.737926143,0.746416973
343,2,2.765422688,7.837546744,0.720292138
344,2,2.792765193,7.873407673,0.706643832
345,2,2.820063049,7.90928032,0.692954166
346,2,2.854218758,8.027129645,0.675735538
347,2,2.883782235,8.050686846,0.685816609
348,2,2.913382129,8.074154902,0.695909152
349,2,2.953570319,8.209919498,0.708151363
350,2,2.993773833,8.345658049,0.720339699
351,2,3.02959477,8.393514528,0.737006289
352,2,3.065309035,8.441605868,0.753749482
353,2,3.101156693,8.489628244,0.770334775
354,2,3.197930445,8.532687266,0.76964491
355,2,3.294748818,8.576017448,0.768943703
356,2,3.391508225,8.619400992,0.768278667
357,2,3.529566421,8.639195505,0.779016974
358,2,3.667696682,8.659114082,0.78962174
359,2,3.778895956,8.679187536,0.815347978
360,2,3.890209944,8.699149463,0.840852824
361,2,4.001567982,8.719181425,0.866359695
362,2,4.090170502,8.722062593,0.887631643
363,2,4.178851819,8.724908054,0.909024784
364,2,4.29591372,8.728817577,0.908718176
365,2,4.412909054,8.732742146,0.90854872
366,2,4.529991418,8.736742849,0.908295208
367,2,4.651518236,8.695876339,0.91154612
368,2,4.773223051,8.654981881,0.914917631
369,2,4.88295911,8.611739443,0.935939781
370,2,4.992805024,8.568340387,0.956861693
371,2,5.102875569,8.524963154,0.977899887
372,2,5.213401735,8.483196762,0.998916013
373,2,5.324035333,8.441361259,1.019929621
374,2,5.482392792,8.402059966,1.00618137
375,2,5.64106278,8.362870291,0.992462427
376,2,5.732592039,8.335416537,0.957325487
377,2,5.77738749,8.243572649,0.973142369
378,2,5.822400562,8.151499436,0.988901029
379,2,5.924513023,8.056383944,0.992006497
380,2,6.027065731,7.961303494,0.995242789
381,2,6.129862851,7.866186909,0.998543241
382,2,6.273426224,7.828174836,1.010111351
383,2,6.417228504,7.790193093,1.021524596
384,2,6.561239309,7.752010624,1.032811074
385,2,6.706555469,7.717011338,1.029735326
386,2,6.852101798,7.681866247,1.026355597
387,2,6.95052776,7.564605668,1.018351274
388,2,7.048820562,7.447207032,1.011250421
389,2,7.14743684,7.32975009,1.003971308
390,2,7.246306268,7.212416451,0.996754494
391,2,7.345548665,7.095122986,0.989495573
392,2,7.444520265,6.935117241,0.98370281
393,2,7.565838779,6.772461774,0.982365874
394,2,7.687837352,6.609889929,0.98101722
395,2,7.695544492,6.452748582,0.987510197
396,2,7.787533025,6.288517519,0.999206176
397,2,7.90330217,6.093383123,1.015631964
398,2,8.066025293,5.898346796,1.019262867
399,2,8.229684678,5.703269279,1.022895889
400,2,8.339043129,5.509779245,1.031384878
401,2,8.448876291,5.316027472,1.039651482
402,2,8.51129555,5.129814327,1.051804315
403,2,8.57412493,4.943469217,1.063994237
404,2,8.629169949,4.760722337,1.063509246
405,2,8.684536008,4.577944472,1.062963031
406,2,8.737501625,4.393562765,1.067385885
407,2,8.781549578,4.25010498,1.069272734
408,2,8.813371461,4.103833705,1.082662908
409,2,8.84535728,3.957200924,1.096245527
410,2,8.877401058,3.810366205,1.109882338
411,2,8.909664399,3.663491739,1.123415615
412,2,8.934187549,3.535226941,1.135528459
413,2,8.948798155,3.408160641,1.144235632
414,2,8.963412157,3.281078465,1.152953665
415,2,8.978080268,3.153858452,1.161693169
416,2,8.992816642,3.026543732,1.170314326
417,2,8.998143983,2.90638173,1.177648007
418,2,8.996587714,2.787178913,1.182069997
419,2,8.995064503,2.668040422,1.186356858
420,2,8.99360441,2.548630004,1.190787659
421,2,8.992019704,2.429239268,1.195241109
422,2,8.997968797,2.329128617,1.19988494
423,2,9.00584331,2.228807727,1.204731044
424,2,9.013799059,2.128411922,1.209589404
425,2,9.021720408,2.027939113,1.214445411
426,2,9.029723723,1.927343268,1.219441
427,2,9.04033277,1.842918166,1.225946527
428,2,9.051050451,1.758387705,1.232587217
429,2,9.061671904,1.67384753,1.239117237
430,2,9.072518521,1.589203793,1.245797401
431,2,9.083217328,1.504674639,1.252356128
432,2,9.080201757,1.457753712,1.267019129
433,2,9.077218251,1.410667544,1.28173135
434,2,9.074180441,1.363614024,1.296585247
435,2,9.071136462,1.316618444,1.311204535
436,2,9.068098193,1.269405938,1.325963605
437,2,9.064149276,1.243660545,1.333107291
438,2,9.06013561,1.21778061,1.340251395
439,2,9.056194565,1.191943007,1.347262181
440,2,9.05210744,1.166045472,1.354423501
441,2,9.048152259,1.14014087,1.361588194
442,2,9.12901629,1.161992337,1.358045777
443,2,9.209833435,1.18365116,1.354618395
444,2,9.290528092,1.205367367,1.35132328
445,2,9.371334201,1.22704249,1.347722171
446,2,9.45195937,1.248774052,1.344245951
447,2,9.465697036,1.196648015,1.357810617
448,2,9.479471748,1.144654162,1.37124356
449,2,9.480508425,1.067967978,1.384132698
450,2,9.481569318,0.991259789,1.396908679
451,2,9.505619403,1.00756045,1.409551483
452,2,9.510333856,0.922300488,1.450035068
453,2,9.51501309,0.836984878,1.490638147
454,2,9.519849258,0.751415432,1.531227032
455,2,9.524615179,0.665612074,1.572100692
456,2,9.529479013,0.579753816,1.613093708
457,2,9.590328469,0.531566007,1.661621217
458,2,9.651383008,0.48332579,1.710258215
459,2,9.712568361,0.435032341,1.759012436
460,2,9.773884691,0.38668576,1.807883763
461,2,9.835390991,0.338286172,1.856878973
462,2,9.939382708,0.348613598,1.892949183
463,2,10.04343747,0.358817704,1.929000143
464,2,10.14756618,0.369153398,1.965022548
465,2,10.25176983,0.379418734,2.000876095
466,2,10.35603481,0.389763095,2.036848537
467,2,10.4727738,0.357778812,2.098344004
468,2,10.58968335,0.325590827,2.159931914
469,2,10.70682812,0.293506254,2.221472052
470,2,10.82426764,0.261166416,2.283252724
471,2,10.94188838,0.228879755,2.345115426
472,2,11.06128741,0.276912134,2.374062075
473,2,11.18058631,0.325042083,2.403067976
474,2,11.29987501,0.373249191,2.431831057
475,2,11.41926796,0.421428811,2.46064903
476,2,11.53851112,0.469554697,2.489228277
477,2,11.65165293,0.454840864,2.540493111
478,2,11.76494644,0.439994883,2.591831969
479,2,11.87845514,0.425145061,2.643243716
480,2,11.9920624,0.410421953,2.694712142
481,2,12.10582172,0.395566665,2.746253505
482,2,12.21104925,0.403092104,2.784313085
483,2,12.31643578,0.410636387,2.822357879
484,2,12.42180969,0.418240955,2.860266688
485,2,12.52718337,0.42567723,2.898327117
486,2,12.63268895,0.433255718,2.936384295
487,2,12.71109783,0.43663045,2.957157951
488,2,12.78953934,0.439927308,2.977781631
489,2,12.86806937,0.443222538,2.998403542
490,2,12.94656332,0.446595886,3.019159525
491,2,13.02508947,0.4498913,3.03976515
492,2,13.12645018,0.486323067,3.07995024
493,2,13.22781814,0.522756421,3.119969464
494,2,13.32926332,0.559271827,3.159962189
495,2,13.43063275,0.595941677,3.20007999
496,2,13.5320169,0.632565019,3.240173289
497,2,13.71211414,0.619532549,3.265311584
498,2,13.89233242,0.606597841,3.290401691
499,2,14.07274044,0.593451547,3.315605486
500,2,14.25319647,0.580321784,3.340620374
501,2,14.43370689,0.567110137,3.365741932
502,2,14.60922468,0.652500253,3.370169014
503,2,14.78437719,0.737824878,3.374556754
504,2,14.9592853,0.823079584,3.378908851
505,2,15.13382715,0.908267941,3.383218849
506,2,15.30812358,0.993385252,3.38748979
507,2,15.49485439,1.069384653,3.385925659
508,2,15.68124697,1.145218047,3.384573949
509,2,15.86734347,1.221285644,3.382975545
510,2,16.05309777,1.297266707,3.381730955
511,2,16.23848455,1.373164488,3.380405286
512,2,16.4444195,1.38860545,3.362857282
513,2,16.65022743,1.403839644,3.345427012
514,2,16.8558842,1.419216019,3.327804681
515,2,17.06114666,1.434301391,3.310159775
516,2,17.26638995,1.449561201,3.292614603
517,2,17.43013385,1.517643248,3.273276501
518,2,17.59354481,1.585724652,3.253919716
519,2,17.75656417,1.653493554,3.23470629
520,2,17.9193882,1.721053586,3.215338492
521,2,18.08182423,1.788567757,3.196097395
522,2,18.31065201,1.802673641,3.138301901
523,2,18.53903041,1.816717862,3.080667795
524,2,18.76692248,1.830776344,3.022900553
525,2,18.99436407,1.844771649,2.965301616
526,2,19.22132439,1.858731383,2.907722153
527,2,19.4174831,1.920625932,2.797315289
528,2,19.61302855,1.98224643,2.687348186
529,2,19.80748497,2.043834568,2.577807746
530,2,20.00133246,2.105148928,2.468711946
531,2,20.19427423,2.166414314,2.360042443
532,2,20.36607764,2.173654168,2.286850819
533,2,20.53761994,2.181055861,2.213729175
534,2,20.70870514,2.18828986,2.140821545
535,2,20.87932668,2.195597614,2.067845419
536,2,21.04955447,2.202926997,1.994945792
537,2,21.18097698,2.214608802,1.934015743
538,2,21.31215007,2.226484426,1.872807909
539,2,21.44302423,2.238130312,1.811913894
540,2,21.57367022,2.249799227,1.750892968
541,2,21.70398391,2.261454809,1.689896506
542,2,21.82548681,2.244140326,1.653192599
543,2,21.94695342,2.226809899,1.616363801
544,2,22.06829514,2.209642646,1.579533626
545,2,22.18954513,2.1925412,1.542723193
546,2,22.31063138,2.175363263,1.505923878
547,2,22.41057448,2.155107825,1.47787846
548,2,22.51036586,2.134923293,1.449632483
549,2,22.61004258,2.114653857,1.421342552
550,2,22.70978482,2.094492865,1.393142474
551,2,22.80938434,2.074281576,1.364747247
552,2,22.91494537,2.07495273,1.333334641
553,2,23.0203377,2.075517901,1.30195974
554,2,23.12570707,2.07606641,1.270773554
555,2,23.2309504,2.076685281,1.23948498
556,2,23.33600267,2.077440621,1.208227706
557,2,23.41523528,2.070079122,1.190251358
558,2,23.49427637,2.062714276,1.172208495
559,2,23.57340521,2.055376605,1.154124734
560,2,23.65233023,2.04815674,1.13597155
561,2,23.73135423,2.040842739,1.117782082
562,2,23.81527777,2.043196671,1.105108205
563,2,23.89925857,2.045620209,1.092319159
564,2,23.98312983,2.048069913,1.079561351
565,2,24.06702469,2.050486665,1.066966087
566,2,24.15081008,2.052929475,1.054401928
567,2,24.21086264,2.040632071,1.05732949
568,2,24.27076575,2.028498546,1.060107279
569,2,24.3308238,2.016182867,1.063016161
570,2,24.39082659,2.003932536,1.065798328
571,2,24.4508575,1.991632649,1.068719862
572,2,24.51885513,1.972350321,1.050155776
573,2,24.5869676,1.953168839,1.03173414
574,2,24.65499675,1.933946837,1.013181336
575,2,24.72293693,1.914742961,0.994623179
576,2,24.79084474,1.895685445,0.9760641
577,2,24.8619532,1.872611794,0.963511154
578,2,24.93306478,1.849701651,0.950850859
579,2,24.97717497,1.834181977,0.940904003
580,2,25.02128013,1.818670516,0.930951415
581,2,25.07269157,1.815853574,0.919517542
582,2,25.15580762,1.813155168,0.921659847
583,2,25.22023804,1.793415708,0.92661106
584,2,25.28470146,1.773931605,0.931545175
585,2,25.34908475,1.754445933,0.936452152
586,2,25.41348681,1.735200001,0.941327734
587,2,25.42671259,1.713960071,0.927985446
588,2,25.4757999,1.699622842,0.91034629
589,2,25.52484159,1.685418294,0.892518869
590,2,25.57372273,1.671358789,0.874516794
591,2,25.62253437,1.657480008,0.85618571
592,2,25.6626174,1.653293177,0.808024369
593,2,25.6591487,1.589606464,0.767694338
594,2,25.65559579,1.526174848,0.727294312
595,2,25.65212906,1.462847661,0.686790746
596,2,25.64849983,1.399698072,0.6460694
597,2,25.66316448,1.317006561,0.665298058
598,2,25.66041519,1.327984326,0.68326821
599,2,25.65775812,1.338900654,0.701071999
600,2,25.65500619,1.34986876,0.719159623
601,2,25.65231045,1.360944725,0.736935474
602,2,25.6194443,1.371213652,0.744177354
603,2,25.58668298,1.381501849,0.751402989
604,2,25.55365889,1.391817676,0.758622205
605,2,25.52085951,1.402004959,0.765994856
606,2,25.48801586,1.412393025,0.773219098
607,2,25.49194453,1.375816737,0.794696891
608,2,25.49582838,1.339143832,0.816336588
609,2,25.49977809,1.302502076,0.83788498
610,2,25.50371763,1.265807757,0.859445395
611,2,25.5075986,1.229136526,0.8811652
612,2,25.50798913,1.194426058,0.90378903
613,2,25.50838608,1.15974942,0.926585512
614,2,25.50868797,1.125079574,0.949261888
615,2,25.50905856,1.090381159,0.971978926
616,2,25.50942706,1.055646596,0.994728112
617,2,25.50628094,0.993765628,1.030045241
618,2,25.50317414,0.931830653,1.065301433
619,2,25.49999522,0.869845365,1.100765362
620,2,25.49681216,0.807690642,1.136178378
621,2,25.49362765,0.745357878,1.171796934
622,2,25.40873391,0.72974531,1.230402524
623,2,25.323642,0.714004901,1.289372097
624,2,25.23840633,0.698359844,1.34813949
625,2,25.15304235,0.682594611,1.407279154
626,2,25.06732806,0.666973209,1.466333495
627,2,24.98698661,0.603382061,1.561340219
628,2,24.90612221,0.539686365,1.656655115
629,2,24.82504032,0.475726748,1.752447286
630,2,24.74358735,0.411416476,1.848560769
631,2,24.66183867,0.347123007,1.944705317
632,2,24.58112577,0.33770157,2.033235771
633,2,24.50009447,0.328371317,2.121691902
634,2,24.41875062,0.319067598,2.210207647
635,2,24.33724452,0.309739875,2.298932276
636,2,24.2554909,0.300512927,2.387584807
637,2,24.17322229,0.299535276,2.477275814
638,2,24.09059977,0.298494616,2.567031551
639,2,24.00784086,0.297551496,2.65687545
640,2,23.92482074,0.296789076,2.746758772
641,2,23.84145924,0.296116787,2.836719962
642,2,23.74676992,0.311981449,2.916991756
643,2,23.65162033,0.327977609,2.997282136
644,2,23.5563943,0.344100163,3.077581688
645,2,23.46084098,0.360498069,3.157900662
646,2,23.36518134,0.376848099,3.238388832
647,2,23.31125343,0.386062548,3.302449013
648,2,23.25714971,0.395406532,3.366366266
649,2,23.20297005,0.404846291,3.430579753
650,2,23.14871813,0.414459105,3.494488622
651,2,23.09413022,0.423958795,3.558557169
652,2,22.95498049,0.459796393,3.696006009
653,2,22.81534643,0.496178536,3.833491825
654,2,22.67521438,0.533159424,3.970855478
655,2,22.53480609,0.57070275,4.108522018
656,2,22.39389035,0.608901998,4.24589875
657,2,22.29175976,0.695333469,4.374287405
658,2,22.18921678,0.782566326,4.502404634
659,2,22.08630632,0.870567605,4.629942877
660,2,21.98319081,0.95915582,4.757056328
661,2,21.8796449,1.048588311,4.883709529
662,2,21.76917691,1.136656724,5.015531919
663,2,21.65846063,1.225631996,5.14682517
664,2,21.54755707,1.315014013,5.277921856
665,2,21.4363,1.405263955,5.40862991
666,2,21.32469002,1.496295884,5.538800531
667,2,21.24137388,1.543361431,5.659962216
668,2,21.15775118,1.590892242,5.780823778
669,2,21.07391717,1.638712102,5.901549352
670,2,20.98978813,1.687009199,6.021970702
671,2,20.90558906,1.735777017,6.142521688
672,2,20.83322524,1.789760414,6.243452161
673,2,20.76076853,1.844140404,6.344471672
674,2,20.6880683,1.898930322,6.445139382
675,2,20.61507478,1.954031878,6.545754268
676,2,20.54204877,2.009402776,6.646024163
677,2,20.47994832,2.050846327,6.713194308
678,2,20.41779931,2.092439981,6.780428818
679,2,20.35544091,2.134204577,6.847568498
680,2,20.29315085,2.176211403,6.914465285
681,2,20.23073404,2.218351026,6.981418446
682,2,20.17221872,2.275512281,7.059267725
683,2,20.11369942,2.332707658,7.137251096
684,2,20.05500764,2.390370991,7.214879791
685,2,19.99620707,2.448183015,7.292179932
686,2,19.93739015,2.506377104,7.369424187
687,2,19.80747199,2.471382139,7.46911014
688,2,19.67721453,2.436430726,7.568849359
689,2,19.54654718,2.401614356,7.66877199
690,2,19.41541402,2.366645438,7.768914186
691,2,19.28394299,2.331819132,7.869236164
692,2,19.16197235,2.405940273,7.948309486
693,2,19.03983556,2.480315711,8.027002205
694,2,18.91760662,2.555148775,8.105576507
695,2,18.79535316,2.630388885,8.183742994
696,2,18.67294711,2.705939201,8.261803461
697,2,18.55044581,2.697091839,8.322467637
698,2,18.42759781,2.688214602,8.383308581
699,2,18.30453518,2.67940317,8.444019432
700,2,18.18132564,2.670653701,8.504598803
701,2,18.05792412,2.661852155,8.565504508
702,2,17.93746015,2.645964259,8.610555974
703,2,17.81681311,2.630017679,8.65569427
704,2,17.69597963,2.614107004,8.70060994
705,2,17.57503076,2.598134656,8.745610952
706,2,17.45382371,2.582142331,8.790543896
707,2,17.30200987,2.599812792,8.82846406
708,2,17.15002824,2.617675817,8.866206528
709,2,16.99802569,2.635493082,8.904102905
710,2,16.84592521,2.653601659,8.941951226
711,2,16.69366602,2.671859319,8.97977193
712,2,16.55731418,2.592867691,9.045607553
713,2,16.42039841,2.513689955,9.111460044
714,2,16.28321444,2.43411062,9.177655066
715,2,16.14553544,2.35445273,9.243996504
716,2,16.00743542,2.27461724,9.310351057
717,2,15.85399916,2.278491246,9.333148242
718,2,15.70061596,2.282361506,9.356072384
719,2,15.54700464,2.286356404,9.378657131
720,2,15.39338098,2.290349966,9.401365303
721,2,15.23959971,2.294378566,9.424045495
722,2,15.0830975,2.244647308,9.44628015
723,2,14.92643561,2.194955238,9.468534712
724,2,14.76954586,2.145239041,9.49052503
725,2,14.6123534,2.095260252,9.51259085
726,2,14.45501139,2.045603031,9.534183667
727,2,14.27594035,2.064502545,9.561795752
728,2,14.09661431,2.083797013,9.589188868
729,2,13.91746183,2.103256931,9.616692267
730,2,13.73820969,2.122966966,9.643992403
731,2,13.55892669,2.142879979,9.671247696
732,2,13.43248574,2.130599921,9.690054929
733,2,13.3059545,2.118462361,9.708820655
734,2,13.17935017,2.106263716,9.727269102
735,2,13.05257972,2.094121985,9.745984096
736,2,12.92586914,2.081872279,9.764544868
737,2,12.77435413,2.069505189,9.791824855
738,2,12.622785,2.056927891,9.818817353
739,2,12.47101478,2.044565779,9.8460354
740,2,12.31917966,2.031905346,9.873278075
741,2,12.16709723,2.019634652,9.900123315
742,2,12.06202343,2.013393436,9.921221434
743,2,11.95697843,2.007244633,9.941983088
744,2,11.85164393,2.001009554,9.96304214
745,2,11.74654309,1.994822215,9.983925987
746,2,11.64109923,1.988637535,10.00478902
747,2,11.548226,1.985356889,10.01485136
748,2,11.45534509,1.982420742,10.02467921
749,2,11.36235523,1.979182145,10.03454008
750,2,11.26934775,1.976201975,10.04446923
751,2,11.17645078,1.972962662,10.0542809
752,2,11.03332025,1.969755267,10.07934243
753,2,10.89018504,1.966713653,10.10434228
754,2,10.74703029,1.963493528,10.12947961
755,2,10.60373988,1.960483002,10.15439695
756,2,10.46030481,1.957488267,10.17926618
757,2,10.27806759,1.971058002,10.1829
758,2,10.0957409,1.984948076,10.18640261
759,2,9.913615271,1.998900024,10.18966119
760,2,9.731440268,2.012673356,10.19303189
761,2,9.549255989,2.026657674,10.19614728
762,2,9.325822962,2.005298957,10.18963011
763,2,9.102357961,1.984104685,10.18300143
764,2,8.87876813,1.962879703,10.17645134
765,2,8.655101351,1.941754662,10.16949833
766,2,8.431443553,1.920554289,10.16278216
767,2,8.234196357,1.908560698,10.10916691
768,2,8.037143222,1.896808934,10.05552127
769,2,7.840276247,1.884993009,10.00187306
770,2,7.643596458,1.873267591,9.948225178
771,2,7.447117174,1.861627505,9.894550507
772,2,7.26170926,1.837943128,9.848762152
773,2,7.076435292,1.8142865,9.802864902
774,2,6.891254871,1.790468286,9.757072686
775,2,6.706307934,1.766873175,9.711001318
776,2,6.521350377,1.743307652,9.664840305
777,2,6.385826735,1.74017348,9.611410136
778,2,6.250333794,1.737101792,9.557830747
779,2,6.114983378,1.733999355,9.504398876
780,2,5.979961183,1.730951601,9.450789496
781,2,5.84488493,1.727919414,9.397180301
782,2,5.708505612,1.727986777,9.325377635
783,2,5.572344025,1.727927613,9.253607652
784,2,5.436348477,1.72804582,9.181846636
785,2,5.300673214,1.728232622,9.109950483
786,2,5.165114624,1.728254388,9.038269965
787,2,5.015174572,1.714788122,8.950433431
788,2,4.865424377,1.701496219,8.862640913
789,2,4.71591611,1.688171825,8.775027576
790,2,4.566675454,1.675177087,8.687466491
791,2,4.417798085,1.662395227,8.599785668
792,2,4.274865145,1.70288381,8.492280489
793,2,4.132229592,1.743192748,8.385131133
794,2,3.952995645,1.770301605,8.2741495
795,2,3.824445076,1.788850494,8.172953828
796,2,3.717457116,1.819269517,8.07363795
797,2,3.585380581,1.783945296,8.000127154
798,2,3.453456958,1.748767856,7.926588342
799,2,3.321768086,1.713726788,7.852994383
800,2,3.190102413,1.678826229,7.779355029
801,2,3.058501639,1.64402454,7.705834582
802,2,2.967983827,1.673963599,7.631286337
803,2,2.877648403,1.703885141,7.55712348
804,2,2.787471049,1.733793481,7.48294266
805,2,2.697506738,1.763541244,7.408755188
806,2,2.607787793,1.79327492,7.334963212
807,2,2.533894769,1.754643149,7.298914565
808,2,2.460076844,1.716120835,7.262635992
809,2,2.386381833,1.677658771,7.226268452
810,2,2.312580804,1.639207686,7.189950208
811,2,2.238893595,1.600735789,7.153456649
812,2,2.213763466,1.575940965,7.04814049
813,2,2.188821351,1.551429356,6.942641792
814,2,2.163911526,1.527146616,6.837090008
815,2,2.138979365,1.502912427,6.731677837
816,2,2.114263256,1.47909348,6.626048639
817,2,2.009627274,1.51797814,6.591219516
818,2,1.90527967,1.556981797,6.556248403
819,2,1.800907705,1.595743145,6.521502834
820,2,1.696813999,1.634473435,6.486610753
821,2,1.592971905,1.673284128,6.451748973
822,2,1.573885907,1.643878254,6.416722459
823,2,1.554645052,1.614568031,6.381501496
824,2,1.535531158,1.585265749,6.346398025
825,2,1.516390356,1.556068267,6.311124071
826,2,1.497340855,1.526920433,6.27580687
827,2,1.598744951,1.524139338,6.218616899
828,2,1.700156367,1.521627913,6.161222205
829,2,1.801507571,1.519060775,6.103806569
830,2,1.902835882,1.516717375,6.046337175
831,2,2.00410281,1.514319369,5.988847969
832,2,2.054312122,1.435548962,5.937664609
833,2,2.104592504,1.356986557,5.886281221
834,2,2.154963816,1.278617351,5.834652741
835,2,2.205312551,1.20032305,5.782852487
836,2,2.255842819,1.122358692,5.730782122
837,2,2.362865468,1.071286068,5.661890909
838,2,2.470006245,1.020447175,5.592814609
839,2,2.577110541,0.969786628,5.523682209
840,2,2.684282135,0.919413664,5.454229042
841,2,2.791572301,0.869125313,5.384565267
842,2,2.880159556,0.880421208,5.341088839
843,2,2.968441945,0.891690743,5.297777393
844,2,3.056903836,0.902938108,5.254172691
845,2,3.145225691,0.914290698,5.210697312
846,2,3.233418647,0.925721513,5.167110239
847,2,3.307441965,0.937375947,5.144307258
848,2,3.381459109,0.949067611,5.121318881
849,2,3.443784315,0.957155242,5.096626702
850,2,3.506003812,0.965250002,5.071946556
851,2,3.571052729,0.923590511,5.053681785
852,2,3.660630695,0.910342972,5.032764774
853,2,3.750103128,0.897282771,5.011812981
854,2,3.839598033,0.883954184,4.991027329
855,2,3.929237643,0.870997395,4.970033228
856,2,4.018876712,0.857956038,4.949031474
857,2,4.070550829,0.832914275,4.946748397
858,2,4.122302186,0.807827756,4.944562558
859,2,4.17578896,0.811138841,4.939263416
860,2,4.229196791,0.814454095,4.9339514
861,2,4.274809615,0.813530774,4.921933761
862,2,4.325067198,0.832062852,4.90865441
863,2,4.421769867,0.859338146,4.859004989
864,2,4.506235302,0.892206828,4.806638106
865,2,4.559437009,0.915854675,4.78843236
866,2,4.600324218,0.920372893,4.770541307
867,2,4.651354032,0.924668714,4.763971797
868,2,4.70222575,0.928966381,4.757416136
869,2,4.753299739,0.933261158,4.750842119
870,2,4.804302757,0.937551718,4.744250284
871,2,4.855147622,0.941844061,4.737672072
872,2,4.896413909,0.914600703,4.666077682
873,2,4.937599572,0.887505041,4.594419447
874,2,4.978901851,0.860420659,4.52269905
875,2,5.020051905,0.833566947,4.451044303
876,2,5.061291815,0.806906827,4.379157315
877,2,5.143204318,0.793938347,4.368987707
878,2,5.225186505,0.780839964,4.358774468
879,2,5.307251079,0.767885403,4.34851553
880,2,5.389174039,0.754802052,4.338223794
881,2,5.471244802,0.741806348,4.3280068
882,2,5.527409943,0.692909245,4.251646579
883,2,5.583524015,0.644166774,4.175005942
884,2,5.639760241,0.595845165,4.098044813
885,2,5.696062916,0.547708564,4.021075939
886,2,5.752343046,0.499761939,3.944130208
887,2,5.812430973,0.522596192,3.863669407
888,2,5.872446554,0.545467456,3.783116438
889,2,5.932352918,0.568464752,3.702651044
890,2,5.992140236,0.591318074,3.622273099
891,2,6.051885945,0.61424046,3.542103926
892,2,6.06213129,0.597826427,3.484184069
893,2,6.07237785,0.581495065,3.426261073
894,2,6.082569687,0.565321104,3.368447799
895,2,6.092995879,0.549144933,3.310461329
896,2,6.103226881,0.533047874,3.252464491
897,2,6.13658335,0.551024856,3.141563793
898,2,6.176840715,0.602867507,3.029455172
899,2,6.217172311,0.654593005,2.917560936
900,2,6.254329192,0.619725857,2.811338758
