frame,id,3d_x,3d_y,3d_z
1,1,24.59960571,14.98910028,0.491089705
2,1,24.56245906,14.8802211,0.494803796
3,1,24.52510099,14.77121605,0.498499152
4,1,24.48763699,14.66210742,0.502193477
5,1,24.45001585,14.55286201,0.505861524
6,1,24.41223254,14.44352555,0.509537901
7,1,24.38817075,14.36945394,0.515038107
8,1,24.3642064,14.29540586,0.520640432
9,1,24.34002368,14.2211956,0.526258723
10,1,24.31574574,14.14703949,0.531768547
11,1,24.29159293,14.07268719,0.537388007
12,1,24.25705964,14.00665669,0.53806775
13,1,24.22240853,13.94063922,0.538542401
14,1,24.18762788,13.87467394,0.539226013
15,1,24.15279981,13.80857979,0.539682463
16,1,24.11796417,13.74244829,0.540368608
17,1,24.07364605,13.69567444,0.552285526
18,1,24.02926907,13.64873406,0.564218074
19,1,23.98475057,13.60185887,0.576168185
20,1,23.94011781,13.55480681,0.588126083
21,1,23.89552262,13.50769783,0.600097196
22,1,23.85873462,13.46145651,0.603035427
23,1,23.82190666,13.41509191,0.605985714
24,1,23.78497106,13.36868417,0.608921399
25,1,23.74810693,13.32223141,0.6119632
26,1,23.71105294,13.2758686,0.614882996
27,1,23.70275864,13.1576675,0.598756573
28,1,23.69421,13.03961141,0.582533441
29,1,23.71099318,12.9307886,0.533667858
30,1,23.7487914,12.81944119,0.53419397
31,1,23.74052692,12.70415101,0.498676297
32,1,23.67786675,12.57714455,0.484324743
33,1,23.63269638,12.44682331,0.518850377
34,1,23.63636127,12.32956254,0.523513764
35,1,23.63276072,12.20893175,0.541876556
36,1,23.6314605,12.09111566,0.542428533
37,1,23.70812847,11.96469576,0.542888166
38,1,23.80135337,11.84203311,0.538727002
39,1,23.90398788,11.72285209,0.523225721
40,1,24.01883693,11.6021403,0.531619701
41,1,24.13458824,11.48101806,0.542800585
42,1,24.19514541,11.37212142,0.562336867
43,1,24.23705303,11.26197671,0.567519347
44,1,24.2828982,11.15103556,0.581138428
45,1,24.32151023,11.04081782,0.582204116
46,1,24.37146583,10.93183336,0.588005091
47,1,24.42729965,10.84790944,0.591770409
48,1,24.4832699,10.76403387,0.595658803
49,1,24.53926093,10.68003774,0.59945459
50,1,24.59531943,10.59621126,0.603378706
51,1,24.64952436,10.51239655,0.603881277
52,1,24.70448653,10.39676957,0.63469934
53,1,24.755913,10.28534633,0.638806083
54,1,24.81198068,10.17737797,0.630135199
55,1,24.83212267,10.058041,0.642662428
56,1,24.8552087,9.941682621,0.642640839
57,1,24.95032799,9.886225252,0.672161107
58,1,24.99766033,9.820843634,0.704254494
59,1,25.09186098,9.769276003,0.712370785
60,1,25.18710621,9.715295472,0.733747948
61,1,25.28250203,9.661180173,0.755195287
62,1,25.31674075,9.599076519,0.725566591
63,1,25.35090138,9.536955208,0.695869364
64,1,25.38506695,9.475023972,0.666081044
65,1,25.41913989,9.413188555,0.636221582
66,1,25.46400699,9.347436519,0.633796498
67,1,25.51627848,9.25014223,0.631879116
68,1,25.56857362,9.152959173,0.62982632
69,1,25.62089809,9.055603687,0.627880239
70,1,25.65321046,8.963718367,0.584409321
71,1,25.70424191,8.871073537,0.561362242
72,1,25.72273704,8.736962589,0.583617853
73,1,25.7452106,8.59134591,0.657225758
74,1,25.76529728,8.453834554,0.692512947
75,1,25.78552434,8.315973099,0.728087776
76,1,25.80567515,8.177801916,0.76369139
77,1,25.87921378,8.091075934,0.80002155
78,1,25.95291683,8.004295433,0.83647465
79,1,26.0267996,7.917345564,0.873054608
80,1,26.10075959,7.830110239,0.909764703
81,1,26.17500269,7.742820429,0.946599723
82,1,26.25802926,7.677776789,1.007939351
83,1,26.31524077,7.615368006,1.038642539
84,1,26.37246212,7.552764963,1.069444955
85,1,26.42975447,7.490209093,1.10019451
86,1,26.48723152,7.427518176,1.131141299
87,1,26.56122368,7.328168187,1.161803309
88,1,26.63998386,7.2308451,1.187653743
89,1,26.71891473,7.133600306,1.213739648
90,1,26.79797007,7.035999448,1.239796492
91,1,26.8772068,6.938341022,1.266076468
92,1,26.97194811,6.836368666,1.346220411
93,1,27.06694249,6.734000479,1.426830691
94,1,27.16238657,6.631299018,1.50765215
95,1,27.25812041,6.528221135,1.588804278
96,1,27.35427114,6.424785957,1.670307266
97,1,27.43244443,6.351278247,1.733479023
98,1,27.51085421,6.277471051,1.796862529
99,1,27.58951817,6.203571604,1.860419711
100,1,27.66835055,6.129341736,1.924162486
101,1,27.74744369,6.055038889,1.988097856
102,1,27.80005469,5.957645168,2.024572421
103,1,27.85263282,5.860038909,2.061322162
104,1,27.90548951,5.762270848,2.098067681
105,1,27.95841163,5.664389902,2.135065414
106,1,28.01152141,5.566330721,2.172209454
107,1,28.05626517,5.456381391,2.250125192
108,1,28.08099815,5.364034747,2.256431687
109,1,28.15346397,5.283237839,2.255513189
110,1,28.29260092,5.184386265,2.358084447
111,1,28.40510662,5.092942311,2.417813336
112,1,28.4226646,4.993083658,2.440970187
113,1,28.49033267,4.887267889,2.515804973
114,1,28.50802144,4.779324504,2.563609108
115,1,28.52564592,4.671263156,2.611617016
116,1,28.55751346,4.569776204,2.646925202
117,1,28.56529667,4.460120003,2.673004692
118,1,28.57302492,4.350233012,2.699307087
119,1,28.58562788,4.238722628,2.733228142
120,1,28.59822087,4.127110909,2.767271117
121,1,28.61084153,4.015152571,2.801453148
122,1,28.60711012,3.880502585,2.856654905
123,1,28.5944114,3.751037439,2.890167971
124,1,28.58960807,3.617100826,2.940826456
125,1,28.57532173,3.488673645,2.968895192
126,1,28.58723424,3.363792068,3.00073873
127,1,28.5568848,3.253681664,3.050254921
128,1,28.54801194,3.160199035,3.062079202
129,1,28.52848518,3.05291093,3.108216188
130,1,28.50884926,2.945379276,3.154549696
131,1,28.48908487,2.837728114,3.201071071
132,1,28.47381708,2.753017006,3.228976343
133,1,28.45083294,2.673040514,3.238704467
134,1,28.42773319,2.593141146,3.248270694
135,1,28.40460781,2.513139991,3.258004789
136,1,28.38143038,2.432921516,3.267738598
137,1,28.30394683,2.349842966,3.285725353
138,1,28.12755743,2.244306701,3.31485065
139,1,28.02515369,2.219394588,3.330808301
140,1,28.02425546,1.986845804,3.468933818
141,1,28.02312789,1.768601971,3.479393047
142,1,27.91050334,1.801689137,3.476255717
143,1,27.7978667,1.835054793,3.473254176
144,1,27.61441354,1.892726701,3.477926447
145,1,27.43101673,1.950387208,3.482636255
146,1,27.2536992,2.073527661,3.480217135
147,1,27.09587991,2.194588777,3.493366893
148,1,26.94584529,2.322691571,3.504601532
149,1,26.79613961,2.450831405,3.515902728
150,1,26.64043439,2.587877078,3.527088459
151,1,26.48499017,2.725015764,3.538178833
152,1,26.40127717,2.813778908,3.554446736
153,1,26.29335637,2.916052703,3.572462152
154,1,26.18542329,3.018694674,3.590393144
155,1,26.08666186,3.149266317,3.604735175
156,1,25.98820012,3.279955709,3.618848405
157,1,25.89613878,3.385743139,3.635247152
158,1,25.80423822,3.49169841,3.651707487
159,1,25.70352109,3.577706498,3.670883877
160,1,25.60275084,3.663754858,3.690132233
161,1,25.51562554,3.742778765,3.708229084
162,1,25.43618875,3.822208504,3.72928813
163,1,25.35744,3.896276488,3.750710194
164,1,25.27865381,3.970414222,3.77206658
165,1,25.1897305,4.067266367,3.792306823
166,1,25.10089521,4.164039248,3.812606747
167,1,25.02755813,4.226890905,3.823384104
168,1,24.95428082,4.289651961,3.834147211
169,1,24.88116157,4.352576738,3.844876087
170,1,24.80796058,4.415535543,3.855580022
171,1,24.73492906,4.478441957,3.866129479
172,1,24.66395518,4.630430243,3.850322851
173,1,24.61929032,4.779735478,3.858170493
174,1,24.55144495,4.913908665,3.907136159
175,1,24.36539828,5.02888201,3.956035169
176,1,24.21614455,5.143687407,4.02953369
177,1,24.08638083,5.350181321,4.044028754
178,1,23.96732389,5.558243198,4.059196317
179,1,23.84126388,5.765146426,4.074242704
180,1,23.75168856,5.970077785,4.118479761
181,1,23.6541692,6.175553733,4.156218506
182,1,23.55377594,6.333372803,4.175394597
183,1,23.47149872,6.498720947,4.174993462
184,1,23.38151475,6.657952398,4.194781533
185,1,23.28828096,6.818008761,4.208637793
186,1,23.18459712,6.973055896,4.237795428
187,1,23.09632501,7.106534569,4.262843962
188,1,22.99649355,7.236214311,4.297632136
189,1,22.91141806,7.369263177,4.327727182
190,1,22.82633982,7.502634426,4.357477988
191,1,22.7523632,7.639539661,4.378323815
192,1,22.70235119,7.778428829,4.387488526
193,1,22.64391934,7.912937308,4.411440146
194,1,22.58078011,8.051253335,4.414467316
195,1,22.53287274,8.186076159,4.444567339
196,1,22.48799473,8.322634663,4.468923419
197,1,22.42000807,8.534433304,4.487140473
198,1,22.39033098,8.739335638,4.568731745
199,1,22.30434043,8.938312486,4.641198672
200,1,22.20876632,9.146372116,4.660994497
201,1,22.15333029,9.352381175,4.72380311
202,1,22.09412088,9.573283405,4.807134554
203,1,22.090421,9.806678405,4.868247558
204,1,22.0849687,10.04371897,4.908236414
205,1,22.07942708,10.27627961,4.976641257
206,1,22.07017265,10.50650035,5.059206349
207,1,22.03345822,10.68934933,5.15827382
208,1,21.99257911,10.87553363,5.236520729
209,1,21.96021066,11.06057531,5.334069745
210,1,21.91761275,11.24575139,5.424824847
211,1,21.88033511,11.43524362,5.495608376
212,1,21.88711222,11.5806669,5.574349371
213,1,21.89371478,11.72666854,5.652478395
214,1,21.90016467,11.87310204,5.730131111
215,1,21.90645435,12.01986376,5.807075653
216,1,21.91257874,12.16717433,5.883522391
217,1,21.8942527,12.40804052,5.994602965
218,1,21.87566035,12.65004208,6.104303358
219,1,21.85680949,12.89292709,6.212408024
220,1,21.83770866,13.13677706,6.319134034
221,1,21.81832869,13.38171939,6.424215632
222,1,21.88902053,13.53924421,6.571880745
223,1,21.95931527,13.69767093,6.718355824
224,1,22.02928906,13.85694732,6.863740527
225,1,22.09895499,14.01723309,7.00777626
226,1,22.16822459,14.17824926,7.150614423
227,1,22.19070806,14.29274344,7.303903049
228,1,22.21298358,14.40782681,7.456370735
229,1,22.23513344,14.5237569,7.607847229
230,1,22.25696301,14.64025743,7.758605427
231,1,22.27855413,14.75758723,7.908473124
232,1,22.31210544,14.87161384,8.016102701
233,1,22.34550925,14.98607673,8.123067694
234,1,22.3786556,15.10095258,8.229361436
235,1,22.41175306,15.21627826,8.334872644
236,1,22.44470054,15.33202431,8.439710762
237,1,22.47475877,15.4455567,8.541563773
238,1,22.50480295,15.55961206,8.642738569
239,1,22.53454405,15.673961,8.743294804
240,1,22.56420717,15.78881779,8.843051864
241,1,22.59352143,15.90394429,8.942299551
242,1,22.62227331,16.0817032,9.06130883
243,1,22.65075836,16.25998973,9.179045531
244,1,22.67890063,16.43904051,9.29556006
245,1,22.70675242,16.61861426,9.410687079
246,1,22.73438008,16.7989204,9.524582882
247,1,22.70923442,16.93746027,9.681625688
248,1,22.68369127,17.07692492,9.83742213
249,1,22.65776944,17.21717244,9.991993927
250,1,22.63149632,17.35805895,10.145476
251,1,22.60482558,17.49984226,10.29757412
252,1,22.6196222,17.62141628,10.43375632
253,1,22.63428149,17.74376959,10.56892939
254,1,22.64859554,17.86641397,10.70323186
255,1,22.66277336,17.98982389,10.83651638
256,1,22.67660655,18.11351044,10.96892535
257,1,22.67597206,18.23812843,11.09210939
258,1,22.67518107,18.36309267,11.21442934
259,1,22.67420049,18.48866529,11.33580867
260,1,22.67306545,18.61457069,11.45631964
261,1,22.67174263,18.74107153,11.575884
262,1,22.67284532,18.83912309,11.67770627
263,1,22.67384998,18.93761844,11.77889839
264,1,22.67469161,19.03626546,11.87953855
265,1,22.6753861,19.13534045,11.97954583
266,1,22.67601876,19.23457888,12.0789992
267,1,22.68533982,19.32109786,12.19248167
268,1,22.69444079,19.40807456,12.30537485
269,1,22.70354154,19.49515967,12.41776157
270,1,22.71242193,19.58269761,12.52955522
271,1,22.72130369,19.67033811,12.64084151
272,1,22.72285204,19.74521946,12.71641906
273,1,22.72428669,19.82013923,12.79180228
274,1,22.72577923,19.89532185,12.86679911
275,1,22.72713327,19.97067294,12.94145205
276,1,22.72841351,20.04617261,13.01565693
277,1,22.7321814,20.13574346,13.06407775
278,1,22.73593805,20.22541555,13.11206847
279,1,22.73950998,20.31532851,13.15979311
280,1,22.74311259,20.40517893,13.20713579
281,1,22.74663932,20.49514435,13.25415337
282,1,22.74251881,20.64322877,13.30965513
283,1,22.73827575,20.7913196,13.36438631
284,1,22.7338091,20.93970318,13.41835841
285,1,22.72930828,21.08807745,13.47177043
286,1,22.72457919,21.23672729,13.52432549
287,1,22.7489671,21.33070029,13.59850729
288,1,22.77319384,21.42480256,13.67212886
289,1,22.79736802,21.519062,13.74539053
290,1,22.82142892,21.61345462,13.81809317
291,1,22.84539018,21.70799096,13.89043845
292,1,22.86576484,21.81398587,13.94471175
293,1,22.88595437,21.9199565,13.99858851
294,1,22.90599374,22.02615683,14.05197178
295,1,22.92590257,22.1324483,14.10491272
296,1,22.94568133,22.23882831,14.15741288
297,1,22.94970587,22.3221694,14.19342179
298,1,22.95369498,22.40570158,14.22912689
299,1,22.95744204,22.48915815,14.26453247
300,1,22.9613269,22.57264416,14.29978778
301,1,22.96510431,22.65616423,14.33479514
302,1,22.96191266,22.73010636,14.3667328
303,1,22.95866576,22.80394178,14.3985238
304,1,22.9554422,22.87783153,14.43021104
305,1,22.95207237,22.9518667,14.46155273
306,1,22.94878515,23.02582008,14.49274515
307,1,22.93509453,23.07513522,14.50778705
308,1,22.92139844,23.12446148,14.52275278
309,1,22.90767722,23.17393374,14.53758968
310,1,22.89397042,23.22328157,14.55240327
311,1,22.88025836,23.2726399,14.567141
312,1,22.87394247,23.37746159,14.53629108
313,1,22.86763239,23.48196691,14.50551664
314,1,22.85712048,23.60736832,14.40318044
315,1,22.84176745,23.72238763,14.19820281
316,1,22.85991133,23.80364201,14.22872745
317,1,22.87499371,23.90461623,14.23124577
318,1,22.91530649,24.02135941,14.35033373
319,1,22.90742163,24.10716503,14.23944379
320,1,22.93541152,24.21165672,14.2526326
321,1,22.93493901,24.30673424,14.22916758
322,1,22.98585841,24.39067326,14.19529738
323,1,23.03646042,24.47450933,14.16168469
324,1,23.08705867,24.558144,14.12796487
325,1,23.13747891,24.64136048,14.09451781
326,1,23.18772196,24.7246934,14.06104115
327,1,23.23291637,24.79833984,14.02706899
328,1,23.27798349,24.87201988,13.99321643
329,1,23.32291573,24.94545188,13.95949583
330,1,23.36773815,25.01859892,13.92581884
331,1,23.41236181,25.09179728,13.89225903
332,1,23.45664344,25.14959328,13.87130126
333,1,23.50076443,25.20730291,13.85028605
334,1,23.54477118,25.26485544,13.82944128
335,1,23.5886703,25.32243349,13.80849036
336,1,23.63250781,25.37996649,13.78766062
337,1,23.66671656,25.42927952,13.77411612
338,1,23.70093923,25.47853542,13.7606717
339,1,23.73495944,25.52787797,13.7471842
340,1,23.76900289,25.57701131,13.7336682
341,1,23.80295665,25.62613344,13.72024727
342,1,23.82933678,25.67789107,13.70385481
343,1,23.85566733,25.72963495,13.6874746
344,1,23.88190545,25.78141743,13.67106381
345,1,23.9080994,25.83300799,13.65463097
346,1,23.93425041,25.88459686,13.63829933
347,1,23.91539793,25.99220036,13.59617177
348,1,23.88758122,26.09829087,13.56136261
349,1,23.84064611,26.20349141,13.55764428
350,1,23.78107951,26.29721715,13.48561805
351,1,23.81919723,26.41251968,13.40530772
352,1,23.92861242,26.55790638,13.38014687
353,1,23.98942724,26.69168403,13.35493272
354,1,24.07298705,26.83087342,13.32652578
355,1,24.07413621,26.94582438,13.2765856
356,1,24.08361715,27.07139704,13.29337979
357,1,24.06638045,27.18800417,13.28406129
358,1,24.04134221,27.29698494,13.23480811
359,1,24.00705636,27.40614217,13.20573154
360,1,23.99954446,27.52575495,13.2027298
361,1,23.96566625,27.6325406,13.15868458
362,1,23.93928055,27.69814249,13.13114222
363,1,23.90038874,27.75713119,13.08218672
364,1,23.89205014,27.81969585,13.00410163
365,1,23.87001915,27.88645004,12.98012351
366,1,23.84803125,27.95326391,12.95611766
367,1,23.81082274,27.95458051,12.95246364
368,1,23.74204553,27.94630661,12.93939542
369,1,23.66403379,27.89329891,12.94641092
370,1,23.61016064,27.84620546,12.95217673
371,1,23.55545249,27.97701856,12.92413683
372,1,23.49058243,28.0432167,12.82012562
373,1,23.45783019,28.13089324,12.80349587
374,1,23.39924523,28.20474814,12.74134347
375,1,23.37871973,28.28741588,12.67581706
376,1,23.33339538,28.3621412,12.6015466
377,1,23.26068369,28.40631891,12.55173412
378,1,23.17893865,28.45237694,12.52793261
379,1,23.10109712,28.49331854,12.46878603
380,1,23.01084352,28.53327737,12.42271416
381,1,22.92353853,28.57511003,12.38389419
382,1,22.83552092,28.57939764,12.36018483
383,1,22.74752351,28.58362652,12.33646696
384,1,22.6595849,28.58780579,12.31273999
385,1,22.57181491,28.59192638,12.28900547
386,1,22.47542666,28.59622626,12.27867979
387,1,22.40121153,28.58210549,12.27423839
388,1,22.32701246,28.56799771,12.26971259
389,1,22.252763,28.55393647,12.2651806
390,1,22.17846766,28.53993744,12.2607231
391,1,22.11152952,28.52911709,12.26432163
392,1,22.0665848,28.53674834,12.24856623
393,1,22.02165115,28.5445079,12.23285087
394,1,21.97672174,28.55212805,12.21718894
395,1,21.93176314,28.55987197,12.20140261
396,1,21.88688359,28.56747455,12.18575265
397,1,21.76807058,28.56798959,12.16792382
398,1,21.64916759,28.56862195,12.15004674
399,1,21.53044557,28.56898912,12.13226435
400,1,21.41168725,28.56957923,12.11438943
401,1,21.29302187,28.57004278,12.09656025
402,1,21.21494208,28.52657079,12.00590389
403,1,21.11981937,28.48540288,11.94824062
404,1,21.04727021,28.460095,11.95333137
405,1,20.92348966,28.42177888,11.94512864
406,1,20.81369406,28.38445433,11.9259791
407,1,20.70804406,28.3278181,11.89368422
408,1,20.59867639,28.26670196,11.83896798
409,1,20.48757549,28.21003492,11.81205376
410,1,20.38424955,28.15385293,11.77932572
411,1,20.28020069,28.09452415,11.72973944
412,1,20.18181385,28.03526841,11.70369132
413,1,20.08339147,27.97572887,11.67770138
414,1,19.98475753,27.91613551,11.6514283
415,1,19.88597874,27.856659,11.62515716
416,1,19.78705722,27.79711751,11.59860324
417,1,19.69576703,27.75115949,11.5724639
418,1,19.60437581,27.70512355,11.54622488
419,1,19.51282152,27.65902014,11.51971328
420,1,19.42129635,27.61296661,11.49322764
421,1,19.32976267,27.56672649,11.46668286
422,1,19.26460417,27.52347915,11.4504207
423,1,19.19938406,27.48013319,11.43431096
424,1,19.13407013,27.43687729,11.41793439
425,1,19.06875114,27.39363523,11.40166935
426,1,19.00328129,27.35037332,11.38517731
427,1,18.93213822,27.30867789,11.37967682
428,1,18.86070734,27.26697754,11.37397383
429,1,18.78940053,27.22514837,11.36828543
430,1,18.71790868,27.1833445,11.36273456
431,1,18.64633773,27.14165036,11.3569398
432,1,18.58753162,27.12405634,11.3376457
433,1,18.52863701,27.10643764,11.31833246
434,1,18.46982933,27.08869269,11.29903856
435,1,18.41113289,27.07116135,11.2796431
436,1,18.35223041,27.05337942,11.26030846
437,1,18.1399721,27.04372574,11.20330489
438,1,17.90800743,27.03508909,11.16914418
439,1,17.84974098,26.98953381,11.17457077
440,1,17.6892547,26.84772858,10.98869189
441,1,17.64543333,26.84511702,10.74508618
442,1,17.47351445,26.89282311,10.75002852
443,1,17.30178511,26.94074603,10.7548883
444,1,17.1481241,26.99432385,10.7809259
445,1,16.99451768,27.0479685,10.80680682
446,1,16.85583857,27.1034326,10.83501424
447,1,16.74938277,27.21397024,10.8447384
448,1,16.65623672,27.32718575,10.86233591
449,1,16.56334373,27.44046115,10.87958946
450,1,16.49466702,27.55050048,10.86887295
451,1,16.42621643,27.66040977,10.8579969
452,1,16.35512935,27.75149577,10.84781471
453,1,16.28420568,27.84260166,10.83749573
454,1,16.2163382,27.93270229,10.82121592
455,1,16.14860761,28.02270388,10.80495066
456,1,16.0768711,28.11448672,10.79982579
457,1,15.99728123,28.1025547,10.8297147
458,1,15.91499878,28.08764506,10.8459863
459,1,15.83264962,28.07252075,10.86227341
460,1,15.72784512,28.06272851,10.91365239
461,1,15.62289411,28.05289552,10.96501212
462,1,15.50284895,28.10504245,10.93567099
463,1,15.38315789,28.15770423,10.90621701
464,1,15.32028909,28.22792734,10.95017555
465,1,15.25753081,28.29815832,10.99387393
466,1,15.21474625,28.35597896,10.96995167
467,1,15.16686462,28.38042384,10.95739424
468,1,15.09443228,28.40089713,10.93059527
469,1,15.02205304,28.42104826,10.90381951
470,1,14.9183189,28.43741727,10.86495202
471,1,14.81468472,28.45364808,10.82612382
472,1,14.70145866,28.43988952,10.77617594
473,1,14.58833023,28.42579974,10.7262791
474,1,14.47182782,28.41066953,10.67096478
475,1,14.35543114,28.39522799,10.61570725
476,1,14.24704298,28.38427192,10.58031635
477,1,14.15955467,28.37196672,10.54644868
478,1,14.07053703,28.36097202,10.5178218
479,1,13.98157717,28.34978785,10.48942729
480,1,13.89668687,28.33998298,10.46605826
481,1,13.8117451,28.32993523,10.44275833
482,1,13.72601362,28.33195704,10.42458216
483,1,13.64034495,28.33401538,10.40641745
484,1,13.56584392,28.33499449,10.38227451
485,1,13.49138711,28.33595517,10.35813622
486,1,13.42495689,28.33864308,10.34175982
487,1,13.36188669,28.33277985,10.32853908
488,1,13.28678623,28.3240591,10.30215229
489,1,13.21164507,28.31548432,10.27571694
490,1,13.14660633,28.30412372,10.23549468
491,1,13.08159302,28.29276317,10.19534904
492,1,13.01459873,28.28835392,10.1850033
493,1,12.94773631,28.28383907,10.17470502
494,1,12.88610405,28.28045469,10.16954107
495,1,12.82453272,28.27694176,10.16441838
496,1,12.76714777,28.27237633,10.15370143
497,1,12.69096608,28.26602562,10.14215078
498,1,12.60445606,28.25549427,10.10942508
499,1,12.4875016,28.40086537,10.02373776
500,1,12.47050129,28.41261709,9.971496287
501,1,12.39553746,28.38152076,9.867590469
502,1,12.3520602,28.32928448,9.780440874
503,1,12.26995422,28.29564688,9.778334859
504,1,12.19287955,28.24957016,9.713821405
505,1,12.15092343,28.21305832,9.704245948
506,1,12.14411412,28.17802697,9.709837536
507,1,12.20243225,28.13101157,9.700427202
508,1,12.26088955,28.08386977,9.690992757
509,1,12.30149137,28.20510658,9.682076448
510,1,12.34197503,28.3261115,9.673050697
511,1,12.37991146,28.45957519,9.627978333
512,1,12.47766479,28.6193115,9.50245802
513,1,12.58199037,28.80081508,9.486036334
514,1,12.73029427,28.83105712,9.422287758
515,1,12.90233034,28.85215887,9.320419866
516,1,13.10048579,28.87335419,9.223387769
517,1,13.27143103,28.89956437,9.146796454
518,1,13.44194839,28.92561625,9.070302391
519,1,13.6203467,28.88965809,9.012692932
520,1,13.79862664,28.85359674,8.954918358
521,1,13.94083268,28.76507147,8.910895325
522,1,14.12266401,28.76541024,8.777865306
523,1,14.41782934,28.83021242,8.630419647
524,1,14.6660039,28.78048315,8.513529364
525,1,14.90532685,28.77129388,8.384775705
526,1,15.09853978,28.72227873,8.266157026
527,1,15.28031917,28.67049563,8.134859514
528,1,15.47615287,28.55991732,8.018848147
529,1,15.67207275,28.44939206,7.901916321
530,1,15.85317367,28.40808446,7.766826791
531,1,16.03382477,28.36694074,7.631510728
532,1,16.21232946,28.32387907,7.509524637
533,1,16.39050224,28.28109991,7.387309639
534,1,16.56838717,28.23851281,7.265060928
535,1,16.74598449,28.19634302,7.142571666
536,1,16.9232128,28.15451284,7.020036037
537,1,17.05862658,28.12642948,6.931586366
538,1,17.19362367,28.09840718,6.843056007
539,1,17.32860884,28.07041407,6.754370728
540,1,17.46324399,28.04238323,6.665713587
541,1,17.59779578,28.01453207,6.576959243
542,1,17.72500921,27.98326221,6.542499163
543,1,17.85224946,27.95202063,6.507956916
544,1,17.97939544,27.9207784,6.473252807
545,1,18.10660663,27.88959159,6.438548427
546,1,18.23376202,27.85843073,6.403763973
547,1,18.33419424,27.84649652,6.364222751
548,1,18.43450358,27.83452562,6.324641953
549,1,18.53476886,27.82253067,6.28502359
550,1,18.63495035,27.81050726,6.245367313
551,1,18.73501035,27.79846673,6.205751965
552,1,18.82829328,27.77280958,6.166408261
553,1,18.92157934,27.74722472,6.127095232
554,1,19.01478694,27.72168461,6.087731882
555,1,19.10795478,27.69619675,6.048320089
556,1,19.20107979,27.67074636,6.008780938
557,1,19.32243303,27.69598475,5.951338644
558,1,19.44355642,27.72099114,5.893952438
559,1,19.51246613,27.80483092,5.828949579
560,1,19.6683586,27.79553772,5.776002035
561,1,19.82409117,27.78597645,5.722859615
562,1,19.96349664,27.84137726,5.605406261
563,1,20.10221701,27.89655565,5.488471502
564,1,20.24028282,27.95150802,5.372127731
565,1,20.37756756,28.00639423,5.256437102
566,1,20.51411801,28.06093871,5.141275243
567,1,20.63371387,28.11369277,5.017771981
568,1,20.75272376,28.16618746,4.894878351
569,1,20.87107315,28.21839176,4.77250839
570,1,20.98887325,28.27033349,4.650812479
571,1,21.10600399,28.32203257,4.529717567
572,1,21.16592112,28.352759,4.453070179
573,1,21.22565206,28.38333052,4.376613381
574,1,21.28523518,28.41375763,4.300349411
575,1,21.34459674,28.44402154,4.224270588
576,1,21.40377518,28.47413268,4.148379072
577,1,21.51165327,28.42465911,4.04916607
578,1,21.61932173,28.37550692,3.949784951
579,1,21.72684359,28.32647597,3.850275845
580,1,21.83418746,28.27763887,3.750614881
581,1,21.94126769,28.22904638,3.650822209
582,1,22.03325792,28.17191008,3.602791864
583,1,22.12517409,28.11481985,3.554435034
584,1,22.21712322,28.0577577,3.506083522
585,1,22.3089898,28.00088442,3.457548923
586,1,22.40086711,27.94398058,3.40871524
587,1,22.48122744,27.89860218,3.375280347
588,1,22.56168353,27.85330112,3.341766753
589,1,22.64211046,27.80795325,3.308108353
590,1,22.72252399,27.76281379,3.274439031
591,1,22.80290571,27.71777808,3.240630066
592,1,22.87879116,27.67779788,3.205578301
593,1,22.95460213,27.63812204,3.170438864
594,1,23.03040839,27.59840368,3.135239592
595,1,23.10619327,27.55874922,3.099968391
596,1,23.18188012,27.51928459,3.06462108
597,1,23.24190559,27.49485655,3.039486483
598,1,23.30187717,27.47061015,3.014331481
599,1,23.3618185,27.44630607,2.989241078
600,1,23.42183499,27.4220243,2.96405015
601,1,23.48172168,27.39790023,2.938829303
602,1,23.52661465,27.2634016,2.937258629
603,1,23.55175321,27.1233947,2.94018012
604,1,23.6118128,27.00052554,2.92327242
605,1,23.72362565,26.88199504,2.829056583
606,1,23.98007143,26.80742767,2.754372562
607,1,24.23194197,26.73920226,2.726831782
608,1,24.33668138,26.44473546,2.69782241
609,1,24.39561256,26.12292775,2.573931952
610,1,24.38858957,25.84499649,2.550512604
611,1,24.38219185,25.56285518,2.49019846
612,1,24.43168825,25.36117035,2.446997732
613,1,24.47242453,25.15445778,2.382011963
614,1,24.52790516,24.96016926,2.385426311
615,1,24.56749436,24.75661821,2.349915243
616,1,24.60028195,24.54971173,2.301168005
617,1,24.60566479,24.32461324,2.283717277
618,1,24.62550617,24.10268761,2.25134477
619,1,24.63520084,23.88104469,2.257846705
620,1,24.66531426,23.66426483,2.249420927
621,1,24.67923674,23.44085236,2.220616865
622,1,24.6996779,23.25486606,2.189916438
623,1,24.71898653,23.07065202,2.18830773
624,1,24.72822317,22.88189623,2.163572928
625,1,24.74139587,22.69653376,2.175666109
626,1,24.7891369,22.5201014,2.166308763
627,1,24.79921256,22.29944343,2.155869345
628,1,24.80911373,22.07844077,2.145176232
629,1,24.76775175,21.84195892,2.124090352
630,1,24.77980758,21.62067324,2.093172524
631,1,24.78100389,21.396045,2.056424322
632,1,24.83189605,21.19007565,1.990693779
633,1,24.9050927,20.99203612,1.971626042
634,1,24.97815393,20.794135,1.95215442
635,1,25.04353514,20.59311932,1.87501318
636,1,25.10615822,20.39270563,1.852622081
637,1,25.13944639,20.24096382,1.802483262
638,1,25.15663485,20.08526178,1.783926566
639,1,25.17369692,19.92954067,1.765335452
640,1,25.18939835,19.77347444,1.736307639
641,1,25.2050709,19.61734448,1.70717486
642,1,25.2098086,19.47318691,1.699256946
643,1,25.21448378,19.3288348,1.691310112
644,1,25.21905512,19.18439255,1.683132353
645,1,25.20694088,19.0363896,1.620265615
646,1,25.1946406,18.88853265,1.556899138
647,1,25.19899782,18.77337934,1.517342206
648,1,25.20328398,18.65826184,1.477650627
649,1,25.22105622,18.54618475,1.464649965
650,1,25.23875819,18.43421757,1.451446063
651,1,25.24545121,18.32096246,1.383534985
652,1,25.26546628,18.186888,1.314534723
653,1,25.30817813,18.05766558,1.285404926
654,1,25.35094514,17.92856755,1.256190107
655,1,25.40841798,17.80422395,1.209658698
656,1,25.46578368,17.68026516,1.162860108
657,1,25.42896142,17.50688684,1.087400274
658,1,25.3914712,17.33396235,1.011151738
659,1,25.36489041,17.16111799,0.995311903
660,1,25.3378522,16.98821249,0.979308817
661,1,25.36175153,16.83076791,0.924745979
662,1,25.38124269,16.67221747,0.870645454
663,1,25.40997581,16.51250142,0.867641238
664,1,25.43874437,16.35279408,0.864494981
665,1,25.40176624,16.17775674,0.83933121
666,1,25.36424941,16.00293903,0.813922895
667,1,25.33098422,15.82815582,0.760567753
668,1,25.297346,15.65366465,0.706846323
669,1,25.30350472,15.48576955,0.690968067
670,1,25.30956609,15.31773845,0.674927244
671,1,25.3348751,15.15167448,0.685163289
672,1,25.3477504,15.0473734,0.693674996
673,1,25.34962438,14.940951,0.697020961
674,1,25.35143275,14.83431486,0.700344197
675,1,25.34373979,14.72520672,0.70562662
676,1,25.3360915,14.61590976,0.710938023
677,1,25.33772535,14.45212875,0.717869994
678,1,25.33936788,14.2881275,0.724806437
679,1,25.27696022,14.11194038,0.706564228
680,1,25.21372826,13.93613717,0.688042619
681,1,25.23680689,13.77528075,0.705977062
682,1,25.25134583,13.58840158,0.726899817
683,1,25.26323298,13.40404657,0.721595739
684,1,25.27511339,13.21955345,0.716054497
685,1,25.20534228,13.01589595,0.713802691
686,1,25.13475995,12.81220622,0.711537616
687,1,25.12490741,12.64736037,0.713390797
688,1,25.1150108,12.48220759,0.715210467
689,1,25.09770425,12.31510661,0.719602007
690,1,25.08023666,12.14780157,0.724110689
691,1,25.07410769,11.98231614,0.730440739
692,1,25.06698064,11.82998277,0.736204067
693,1,25.07654578,11.68101685,0.7408261
694,1,25.08609164,11.53188583,0.745424036
695,1,25.08395741,11.38051465,0.748100648
696,1,25.08183098,11.22911823,0.750774309
697,1,25.07356254,11.10861373,0.751073881
698,1,25.0651824,10.98814753,0.751230905
699,1,25.06571055,10.87029239,0.74657302
700,1,25.06614372,10.75236675,0.741847254
701,1,25.06178502,10.63205254,0.74427845
702,1,25.06628732,10.43663675,0.749066206
703,1,25.06647714,10.24105673,0.748697184
704,1,25.08692222,10.04918555,0.749835086
705,1,25.10752073,9.856979421,0.750850349
706,1,25.0402253,9.649658413,0.739065209
707,1,24.99184536,9.414843347,0.725531118
708,1,25.01576335,9.185554939,0.749947984
709,1,25.05368287,8.962389056,0.75685334
710,1,25.09162653,8.738778272,0.763775738
711,1,25.11753169,8.510962349,0.777374719
712,1,25.1155621,8.302239343,0.794119732
713,1,25.09986693,8.091422804,0.807147461
714,1,25.08396137,7.880278776,0.82018779
715,1,25.05171301,7.666714525,0.82896672
716,1,25.0191174,7.452764512,0.837764303
717,1,25.00123061,7.277766972,0.852090926
718,1,24.98302818,7.102476484,0.866499545
719,1,24.97730048,6.92302334,0.904157322
720,1,24.97159893,6.743077095,0.942082644
721,1,24.96650053,6.571457665,0.947831826
722,1,24.96489634,6.429574571,0.951609488
723,1,24.96666635,6.287251648,0.958293351
724,1,24.96842014,6.144875984,0.964985985
725,1,24.96972858,5.99850019,0.984825359
726,1,24.97097813,5.851868229,1.004766343
727,1,24.96698398,5.718968548,1.016975255
728,1,24.96280057,5.585915468,1.029085004
729,1,24.94806568,5.455038729,1.026967438
730,1,24.93310504,5.324070209,1.024818807
731,1,24.93168839,5.189439529,1.041920505
732,1,24.93109537,5.080320578,1.057821137
733,1,24.92473495,4.973106459,1.064082191
734,1,24.91822606,4.865556247,1.070365217
735,1,24.92040747,4.755135396,1.091234352
736,1,24.92254412,4.644305644,1.112193082
737,1,24.87907395,4.551495184,1.071217187
738,1,24.88880165,4.437574603,1.126752431
739,1,24.88778157,4.336603293,1.13412255
740,1,24.88664859,4.235701568,1.141371654
741,1,24.88558228,4.134539176,1.14876619
742,1,24.88960668,4.03471043,1.155343929
743,1,24.88849727,3.93418086,1.161329359
744,1,24.88734719,3.833572097,1.16733108
745,1,24.89074631,3.735030118,1.169288864
746,1,24.89408173,3.636179571,1.171244537
747,1,24.89687326,3.559654018,1.172266563
748,1,24.89964788,3.482962694,1.173276528
749,1,24.90780008,3.404374611,1.182985132
750,1,24.91616734,3.325552006,1.192855268
751,1,24.92437188,3.246623534,1.202894557
752,1,24.92929,3.163055703,1.213427633
753,1,24.93420497,3.079408985,1.223984776
754,1,24.9274362,2.988710101,1.249287517
755,1,24.92077239,2.898043872,1.274966625
756,1,24.91382792,2.807321051,1.300444962
757,1,24.81650565,2.71901107,1.19610733
758,1,24.76372604,2.602092246,1.195787527
759,1,24.73550926,2.545579814,1.189902329
760,1,24.70281969,2.471497301,1.232945131
761,1,24.678323,2.276966688,1.21545399
762,1,24.65372511,2.082373538,1.197717646
763,1,24.44696743,2.03691526,1.139814746
764,1,24.24009341,1.991763038,1.081663847
765,1,23.99763369,1.984859522,1.069023998
766,1,23.75507837,1.977775357,1.056218152
767,1,23.54063337,1.925749134,1.069310809
768,1,23.32574552,1.873706023,1.082517961
769,1,23.12118714,1.832835784,1.068069962
770,1,22.91647095,1.79195032,1.053595094
771,1,22.72029747,1.746789236,1.054320659
772,1,22.53259595,1.745608118,1.052967533
773,1,22.34908971,1.746673833,1.047175908
774,1,22.16568036,1.74764823,1.041435022
775,1,21.98508532,1.763287398,0.99507207
776,1,21.80469132,1.778800814,0.948743335
777,1,21.65719756,1.767901372,0.954769133
778,1,21.50960132,1.756967696,0.960695634
779,1,21.3462482,1.749692691,0.950944434
780,1,21.18285404,1.742394477,0.941160126
781,1,21.0067495,1.726402754,0.952444485
782,1,20.82001683,1.722416151,0.964104492
783,1,20.63562358,1.728411024,0.947285067
784,1,20.4512007,1.734636379,0.930446045
785,1,20.28057109,1.734210455,0.935881074
786,1,20.10990887,1.733866188,0.941219286
787,1,19.930092,1.714552738,0.951262758
788,1,19.75029383,1.695314972,0.961271091
789,1,19.54344337,1.673862957,0.970100078
790,1,19.33650908,1.652534967,0.979180041
791,1,19.15546193,1.636372363,0.979427074
792,1,18.98906785,1.648233745,0.978680822
793,1,18.8257999,1.655172398,0.992761027
794,1,18.6626471,1.662260219,1.006875086
795,1,18.47463963,1.669321291,1.01552311
796,1,18.28673969,1.676713063,1.024145097
797,1,18.12423102,1.667992607,1.024307142
798,1,17.96170732,1.659246542,1.024454803
799,1,17.80655354,1.649235445,1.029615013
800,1,17.65131089,1.639190259,1.034726152
801,1,17.48131444,1.629910288,1.034870987
802,1,17.33316819,1.620743368,1.034694649
803,1,17.21185116,1.611479807,1.03971945
804,1,17.09047763,1.602081907,1.044748093
805,1,16.95980717,1.583947347,1.074335312
806,1,16.82896799,1.56578675,1.103694159
807,1,16.71057996,1.551956413,1.103982576
808,1,16.59228161,1.538233565,1.104195031
809,1,16.47162932,1.52088601,1.114204268
810,1,16.3508859,1.503507079,1.124157758
811,1,16.23991364,1.483410701,1.143246394
812,1,16.15208057,1.46201776,1.162434923
813,1,16.08594774,1.449818027,1.157244566
814,1,16.02687498,1.41432576,1.152537407
815,1,15.99751801,1.353215756,1.226857299
816,1,15.90721327,1.294144368,1.24523923
817,1,15.82750295,1.251932075,1.263575779
818,1,15.78298313,1.238609512,1.251043721
819,1,15.73846126,1.22529319,1.23850846
820,1,15.67343861,1.212506054,1.208714443
821,1,15.60859464,1.199871956,1.178861933
822,1,15.59471983,1.130828966,1.170647899
823,1,15.58080949,1.061801333,1.162406944
824,1,15.58753869,1.048077255,1.128514312
825,1,15.59419177,1.034434703,1.094467945
826,1,15.58733511,0.998914112,1.048121184
827,1,15.58047324,0.963437114,1.001874957
828,1,15.5740232,1.063950169,0.950841263
829,1,15.56766763,1.164196886,0.899998978
830,1,15.57126773,1.169972903,0.867916454
831,1,15.57486491,1.175801899,0.835701993
832,1,15.54876186,1.284866484,0.800051473
833,1,15.52272779,1.393577018,0.764534012
834,1,15.4939906,1.522060493,0.718874969
835,1,15.46535658,1.650394626,0.67357526
836,1,15.50749211,1.783286204,0.622219918
837,1,15.5948314,1.840991032,0.573066177
838,1,15.67121417,1.883350215,0.567767322
839,1,15.76994628,1.947164333,0.562981589
840,1,15.83510903,2.006455824,0.566513314
841,1,15.84632237,2.029162622,0.568949183
842,1,15.87865199,2.092303504,0.571554888
843,1,15.91109269,2.155431203,0.574132094
844,1,15.94335905,2.218530143,0.576685702
845,1,15.97745173,2.291626003,0.549082244
846,1,16.01140255,2.364590736,0.521539619
847,1,16.02593627,2.449391458,0.49363636
848,1,16.03443819,2.523466824,0.497823897
849,1,16.04292344,2.597401941,0.502000695
850,1,16.05150046,2.666811756,0.520538208
851,1,16.06006331,2.736135819,0.539031883
852,1,16.05916478,2.784321579,0.542419039
853,1,16.05826882,2.832380653,0.545800682
854,1,16.05737315,2.880433559,0.549175808
855,1,16.05647552,2.928600709,0.552543386
856,1,16.05558045,2.976641301,0.555905476
857,1,16.05502351,3.006699449,0.559557904
858,1,16.05446103,3.037042227,0.563063953
859,1,16.05390314,3.067144017,0.566568056
860,1,16.05334533,3.097245539,0.570068109
861,1,16.05278533,3.127467104,0.573563026
862,1,16.05155279,3.193532127,0.576728037
863,1,16.05032314,3.259460905,0.579885169
864,1,16.04909414,3.325373813,0.583033338
865,1,16.04786577,3.391270926,0.586172548
866,1,16.04663354,3.457392533,0.589300547
867,1,16.03607551,3.544598505,0.59220654
868,1,16.02557258,3.632056893,0.594956541
869,1,16.01501867,3.719370042,0.597690936
870,1,16.00452537,3.806653329,0.600410726
871,1,15.99397883,3.893911827,0.603113716
872,1,15.9297902,4.021189302,0.601799219
873,1,15.91291867,4.137475427,0.508356477
874,1,15.90431607,4.245376963,0.517116534
875,1,15.87736114,4.348445486,0.525513361
876,1,15.84653856,4.473200369,0.552528131
877,1,15.81316659,4.576246732,0.579563129
878,1,15.80272223,4.649676219,0.585386799
879,1,15.79228233,4.723100627,0.591189757
880,1,15.76806195,4.840395292,0.587826058
881,1,15.74383133,4.957480833,0.584475051
882,1,15.69957352,5.040890008,0.5653396
883,1,15.67360267,5.112461574,0.592033785
884,1,15.63861033,5.191264225,0.591070512
885,1,15.60361169,5.269919681,0.590100589
886,1,15.55525924,5.350978269,0.57825791
887,1,15.49588985,5.390744897,0.566552074
888,1,15.43629669,5.426335429,0.570528849
889,1,15.37684831,5.461924265,0.574493679
890,1,15.16345411,5.463262152,0.598705471
891,1,14.95001028,5.464473193,0.62288286
892,1,14.89357257,5.613990691,0.609712728
893,1,14.83731644,5.763315631,0.59660083
894,1,14.80326426,5.91042952,0.557771554
895,1,14.76937153,6.057197979,0.519168651
896,1,14.7378204,6.211940123,0.56211807
897,1,14.68170044,6.298826713,0.604468036
898,1,14.54730858,6.390346805,0.618169616
899,1,14.39635915,6.391370663,0.632166861
900,1,14.26951989,6.391183184,0.654218864
